name,area,religion,language,government,capital,gdp_total,population,memberships,nombre_appartenances,Importations_2004,Exportations_2004,Soldats_2004,DepensesMilitairesPIB_2004,MortsGuerre_2004
Aruba,193000,Roman Catholic,Dutch,parliamentary democracy,Oranjestad,1940000000,71218,ILO\IMF\Interpol\IOC\UNESCO,4,139.0305257,136.1050041,0,0.0,0
Antigua and Barbuda,443000,Christian,English,constitutional monarchy with UK-style parliament,Saint John's (Antigua),750000000,68320,ACP\C\Caricom\CDB\FAO\G-77\IBRD\ICAO\ICCt\ICFTU\ICRM\IFAD\IFC\IFRCS\ILO\IMF\IMO\Interpol\IOC\ISO\ITU\OAS\OECS\OPANAL\UN\UNCTAD\UNESCO\UPU\WCL\WFTU\WHO\WIPO\WMO\WTO,33,111.5324324,109.6153846,170,0.0,0
United Arab Emirates,82880000,Muslim,Arabic,federation with specified powers delegated to the UAE federal government and other powers reserved to member emirates,Abu Dhabi,57700000000,2523915,ABEDA\AFESD\AMF\FAO\G-77\GCC\IAEA\IBRD\ICAO\ICC\ICCt\ICRM\IDA\IDB\IFAD\IFC\IFRCS\IHO\ILO\IMF\IMO\Interpol\IOC\ISO\ITU\LAS\MIGA\NAM\OAPEC\OIC\OPCW\OPEC\UN\UNCTAD\UNESCO\UNIDO\UPU\WCO\WHO\WIPO\WMO\WTO,41,205.896509,182.5956087,50000,4.6114776396626,0
Afghanistan,647500000,Sunni Muslim,Pashtu,Islamic republic,Kabul,20000000000,28513677,AsDB\CP\ECO\FAO\G-77\GUUAM\IAEA\IBRD\ICAO\ICCt\ICRM\IDA\IDB\IFAD\IFC\IFRCS\ILO\IMF\Interpol\IOC\IOM\ITU\MIGA\NAM\NATO\OIC\OPCW\OSCE\SACEP\UN\UNCTAD\UNESCO\UNIDO\UPU\WCO\WFTU\WHO\WMO\WTO\WToO,39,185.1354201,222.121883,27000,2.43125786929857,715
Algeria,2381740000,Sunni Muslim,Arabic,republic,Algiers,196000000000,32129324,ABEDA\AfDB\AFESD\AMF\AMU\AU\BIS\FAO\G-15\G-24\G-77\IAEA\IBRD\ICAO\ICC\ICCt,15,198.1092574,142.0888352,318000,3.2838845233139,397
Azerbaijan,86600000,Muslim,Azerbaijani,republic,Baku (Baki),26650000000,7868385,AsDB\BSEC\CE\CIS\EAPC\EBRD\ECO\FAO\GUUAM\IAEA\IBRD\ICAO\ICFTU\ICRM\IDA\IDB\IFAD\IFC\IFRCS\ILO\IMF\IMO\Interpol\IOC\IOM\ISO\ITU\MIGA\OAS,28,300.0,207.1862464,81000,2.62948113760521,0
Albania,28748000,Muslim,Albanian,emerging democracy,Tirana,16130000000,3544808,ACCT\BSEC\CE\CEI\EAPC\EBRD\FAO\IAEA\IBRD\ICAO\ICCt\ICFTU\ICRM\IDA\IDB\IFAD\IFC\IFRCS\ILO\IMF\IMO\Interpol\IOC\IOM\ISO\ITU\MIGA\OIC\OPCW\OSCE\PFP\UN\UNCTAD\UNESCO\UNIDO\UNOMIG\UPU\WCO\WFTU\WHO\WIPO\WMO\WToO\WTO,43,211.6717392,231.528224,21500,1.38115794211088,0
Armenia,29800000,Armenian Apostolic,Armenian,republic,Yerevan,11790000000,2991360,BSEC\CE\CIS\EAPC\EBRD\FAO\IAEA\IBRD\ICAO\ICCt\OPCW\OSCE\PFP\UN\UNCTAD\UNESCO\UNIDO\UPU\WCO\WFTU\WHO\WIPO\WMO\WToO\WTO,24,153.1579544,245.7171992,49000,2.74199670493715,0
Andorra,468000,Roman Catholic,Catalan,"parliamentary democracy (since March 1993) that retains as its chiefs of state a coprincipality; the two princes are the president of France and bishop of Seo de Urgel, Spain, who are represented locally by coprinces' representatives",Andorra la Vella,1300000000,69865,CE\ICAO\ICCt\ICRM\IFRCS\Interpol\IOC\ITU\OPCW\OSCE\UN\UNESCO\WCO\WHO\WIPO\WToO\WTrO,16,174.0924556,271.811483,0,0.0,0
Angola,1246700000,indigenous beliefs,Portuguese,"republic, nominally a multiparty democracy with a strong presidential system",Luanda,20420000000,10978552,ACP\AfDB\AU\FAO\G-77\IAEA\IBRD\ICAO\ICCt\SADC\UN\UNCTAD\UNESCO\UNIDO\UPU\WCO\WFTU\WHO\WIPO\WMO\WToO\WTO,21,191.8421053,170.1174094,118000,3.47118018672779,37
American Samoa,199000,Christian Congregationalist,Samoan,NA,Pago Pago,500000000,57902,Interpol\IOC\UPU,2,116.3043478,128.6745596,0,0.0,0
Argentina,2766890000,nominally Roman Catholic,Spanish,republic,Buenos Aires,435500000000,39144753,AfDB\Australia Group\BCIE\BIS\FAO\G-6\G-15\G-24\G-77\IADB\IAEA\IBRD\ICAO\ICC\ICCt\ICFTU\ICRM\IDA\IFAD\IFC\IFRCS\IHO\ILO\IMF\IMO\Interpol\IOC\IOM\ISO\ITU\LAES\LAIA\Mercosur\MIGA\MINURSO\MINUSTAH\NSG\OAS\OPANAL\OPCW\PCA\RG\UN\UN Security Council\UNCTAD\UNESCO\UNFICYP\UNHCR\UNIDO\UNMIK\UNMOVIC\UNTSO\UPU\WCL\WCO\WFTU\WHO\WIPO\WMO\WToO\WTO\ZC,61,89.2311362,131.2619111,102000,0.883295358833529,0
Australia,7686850000,Anglican,English,"democratic, federal-state system recognizing the British monarch as sovereign",Canberra,571400000000,19913144,ANZUS\APEC\ARF\AsDB\ASEAN\NEA\NSG\OECD\OPCW\Paris Club\PCA\PIF\Sparteca\UN\UNCTAD\UNESCO\UNHCR\UNMEE\UNMISET\UNTSO\UPU\WCO\WFTU\WHO\WIPO\WMO\WTO\WToO\ZC,28,152.9232322,135.531495,52000,1.82741076940486,0
Ashmore and Cartier Islands,5000,,,,,0,0,,0,0.0,0.0,0,0.0,0
Austria,83870000,Roman Catholic,German,federal republic,Vienna,245300000000,8174762,AfDB\AsDB\Australia Group\BIS\BSEC\WFTU\WHO\WIPO\WMO\WToO\WTO\ZC,11,166.0384655,175.2588327,39000,0.893480466242935,0
Anguilla,102000,Anglican,English,NA,The Valley,104000000,13008,Caricom\UPU,1,0.0,0.0,0,0.0,0
Akrotiri,123000,,,,Episkopi; also serves as capital of Dhekelia,0,0,,0,0.0,0.0,0,0.0,0
Antarctica,14000000000,,,"Antarctic Treaty Summary - the Antarctic Treaty, signed on 1 December 1959 and entered into force on 23 June 1961, establishes the legal framework for the management of Antarctica; the 26th Antarctic Treaty Consultative Meeting was held in Madrid, Spain in June 2003; at these periodic meetings, decisions are made by consensus (not by vote) of all consultative member nations; at the end of 2003, there were 45 treaty member nations: 27 consultative and 18 non-consultative; consultative (decision-making) members include the seven nations that claim portions of Antarctica as national territory (some claims overlap) and 20 non-claimant nations; the US and Russia have reserved the right to make claims; the US does not recognize the claims of others; Antarctica is administered through meetings of the consultative member nations; decisions from these meetings are carried out by these member nations (with respect to their own nationals and operations) in accordance with their own national laws; the year in parentheses indicates when an acceding nation was accepted as a consultative member, while no date indicates the country was an original 1959 treaty signatory; claimant nations are - Argentina, Australia, Chile, France, New Zealand, Norway, and the UK. Nonclaimant consultative nations are - Belgium, Brazil (1983), Bulgaria (1998) China (1985), Ecuador (1990), Finland (1989), Germany (1981), India (1983), Italy (1987), Japan, South Korea (1989), Netherlands (1990), Peru (1989), Poland (1977), Russia, South Africa, Spain (1988), Sweden (1988), Uruguay (1985), and the US; non-consultative members, with year of accession in parentheses, are - Austria (1987), Canada (1988), Colombia (1989), Cuba (1984), Czech Republic (1993), Denmark (1965), Estonia (2001), Greece (1987), Guatemala (1991), Hungary (1984), North Korea (1987), Papua New Guinea (1981), Romania (1971), Slovakia (1993), Switzerland (1990), Turkey (1995), Ukraine (1992), and Venezuela (1999); Article 1 - area to be used for peaceful purposes only; military activity, such as weapons testing, is prohibited, but military personnel and equipment may be used for scientific research or any other peaceful purpose; Article 2 - freedom of scientific investigation and cooperation shall continue; Article 3 - free exchange of information and personnel, cooperation with the UN and other international agencies; Article 4 - does not recognize, dispute, or establish territorial claims and no new claims shall be asserted while the treaty is in force; Article 5 - prohibits nuclear explosions or disposal of radioactive wastes; Article 6 - includes under the treaty all land and ice shelves south of 60 degrees 00 minutes south and reserves high seas rights; Article 7 - treaty-state observers have free access, including aerial observation, to any area and may inspect all stations, installations, and equipment; advance notice of all expeditions and of the introduction of military personnel must be given; Article 8 - allows for jurisdiction over observers and scientists by their own states; Article 9 - frequent consultative meetings take place among member nations; Article 10 - treaty states will discourage activities by any country in Antarctica that are contrary to the treaty; Article 11 - disputes to be settled peacefully by the parties concerned or, ultimately, by the ICJ; Articles 12, 13, 14 - deal with upholding, interpreting, and amending the treaty among involved nations; other agreements - some 200 recommendations adopted at treaty consultative meetings and ratified by governments include - Agreed Measures for Fauna and Flora (1964) which were later incorporated into the Environmental Protocol; Convention for the Conservation of Antarctic Seals (1972); Convention on the Conservation of Antarctic Marine Living Resources (1980); a mineral resources agreement was signed in 1988 but remains unratified; the Protocol on Environmental Protection to the Antarctic Treaty was signed 4 October 1991 and entered into force 14 January 1998; this agreement provides for the protection of the Antarctic environment through five specific annexes: 1) environmental impact assessment, 2) conservation of Antarctic fauna and flora, 3) waste disposal and waste management, 4) prevention of marine pollution, and 5) area protection and management; it prohibits all activities relating to mineral resources except scientific research",,0,0,,0,0.0,0.0,0,0.0,0
Bahrain,665000,Shi'a Muslim,Arabic,constitutional hereditary monarchy,Manama,11290000000,677886,ABEDA\AFESD\AMF\ESCWA\FAO\G-77\GCC\IBRD\ICAO\ICC\ICCt\ICRM\IDB\IFC\IFRCS\IHO\ILO\IMF\IMO\Interpol\IOC\ISO\ITU\LAS\MIGA\NAM\OAPEC\OIC\OPCW\UN\UNCTAD\UNESCO\UNIDO\UPU\WCO\WFTU\WHO\WIPO\WMO\WToO\WTO,40,159.3822465,122.0126856,21000,4.04492884796012,0
Barbados,431000,Protestant,English,parliamentary democracy; independent sovereign state within the Commonwealth,Bridgetown,4355000000,278289,ACP\C\Caricom\CDB\FAO\G-77\IADB\IBRD\ICAO\ICCt\ICFTU\ICRM\IDA\IFAD\IFC\IFRCS\ILO\IMF\IMO\Interpol\IOC\ISO\ITU\LAES\MIGA\NAM\OAS\OPANAL\UN\UNCTAD\UNESCO\UNIDO\UPU\WCO\WFTU\WHO\WIPO\WMO\WTO,38,122.2222222,102.1663301,610,0.0,0
Botswana,600370000,indigenous beliefs,English,parliamentary republic,Gaborone,14200000000,1561973,ACP\AfDB\AU\C\FAO\G-77\IAEA\IBRD\ICAO\ICCt\ICFTU\ICRM\IDA\IFAD\IFC\IFRCS\ILO\IMF\Interpol\IOC\ISO\ITU\MIGA\NAM\OPCW\SACU\SADC\UN\UNCTAD\UNESCO\UNIDO\UPU\WCO\WFTU\WHO\WIPO\WMO\WToO\WTO,38,155.284863,131.3305421,10000,3.50587404134874,0
Bermuda,533000,non-Anglican Protestant,English,parliamentary British overseas territory with internal self-government,Hamilton,2330000000,64935,Caricom\IOC\UPU\WCO\Egmont Group\Caribbean Financial Action Task Force,5,137.4130737,143.1372549,0,0.0,0
Belgium,30528000,Roman Catholic,Dutch,federal parliamentary democracy under a constitutional monarch,Brussels,299100000000,10348276,ACCT\AfDB\AsDB\Australia Group\Benelux\BIS\CE\CERN\EAPC\EBRD\EIB\EMU\ESA\EU\FAO\G- 9\G-10\IADB\IAEA\IBRD\ICAO\ICC\ICCt\ICFTU\ICRM\IDA\IEA\IFAD\IFC\IFRCS\IHO\ILO\IMF\IMO\Interpol\IOC\IOM\ISO\ITU\MIGA\MONUC\NATO\NEA\NSG\OAS\WCL\WCO\WEU\WHO\WIPO\WMO\WTO\ZC,52,161.301121,163.3084115,36000,1.14927213880449,0
"Bahamas, The",13940000,Baptist,English,constitutional parliamentary democracy,Nassau,5049000000,299697,ACP\C\Caricom\CDB\FAO\G-77\IADB\IBRD\ICAO\ICCt,9,91.86921296,82.82687967,860,0.0,0
Bangladesh,144000000,Muslim,Bangla,parliamentary democracy,Dhaka,258800000000,141340476,AsDB\C\CP\FAO\G-77\IAEA\IBRD\ICAO\ICC\ICCt\ICFTU\ICRM\IDA\IDB\IFAD\IFC\IFRCS\IHO\ILO\IMF\IMO\Interpol\IOC\IOM\ISO\ITU\MIGA\MINURSO\MONUC\NAM\OIC\ONUB\OPCW\SAARC\SACEP\UN\UNAMSIL\UNCTAD\UNESCO\UNHCR\UNIDO\UNMEE\UNMIK\UNMIL\UNMISET\UNOCI\UNOMIG\UPU\WCL\WCO\WFTU\WHO\WIPO\WMO\WToO\WTO,55,135.4947653,129.9890437,251000,1.12350586299567,0
Belize,22966000,Roman Catholic,English,parliamentary democracy,Belmopan,1280000000,272945,ACP\C\Caricom\CDB\FAO\G-77\IADB\IBRD\ICAO\ICCt\ICFTU\ICRM\IDA\IFAD\IFC\IFRCS\ILO\IMF\IMO\Interpol\IOC\IOM\ITU\LAES\MIGA\NAM\OAS\OPANAL\OPCW\PCA\UN\UNCTAD\UNESCO\UNIDO\UPU\WCL\WHO\WIPO\WMO\WTO,39,99.12242555,155.7713154,1000,0.896738668053127,0
Bosnia and Herzegovina,51129000,Muslim,Bosnian,emerging federal democratic republic,Sarajevo,24310000000,4007608,BIS\CE\CEI\EBRD\FAO\G-77\IAEA\IBRD\ICAO\ICCt\IDA\IFAD\IFC\IFRCS\ILO\IMF\IMO\Interpol\IOC\IOM,19,185.9466837,167.6963517,24000,1.8896028081156,0
Bolivia,1098580000,Roman Catholic,Spanish,republic,La Paz (seat of government); Sucre (legal capital and seat of judiciary),21010000000,8724156,CAN\FAO\G-77\IADB\IAEA\IBRD\ICAO\ICCt\ICRM\IDA\IFAD\IFC\IFRCS\ILO\IMF\IMO\Interpol\IOC\IOM\ISO\MIGA\MINUSTAH\MONUC\NAM\OAS\ONUB\OPANAL\OPCW\PCA\RG\UN\UNAMSIL\UNCTAD\UNESCO\UNIDO\UNMIK\UNMIL\UNMISET\UNOCI\UPU\WCL\WCO\WFTU\WHO\WIPO\WMO\WToO\WTO,47,102.5773078,176.155917,68000,1.9249821546805,0
Burma,678500000,Buddhist,Burmese,military junta,Rangoon (government refers to the capital as Yangon),74530000000,42720196,ARF\AsDB\ASEAN\CP\FAO\G-77\IAEA\IBRD\ICAO\ICRM\IDA\IFAD\IFC\IFRCS\IHO\ILO\IMF\IMO\Interpol\IOC\ITU\NAM\OPCW\UN\UNCTAD\UNESCO\UNIDO\UPU\WCO\WHO\WIPO\WMO\WTO,32,0.0,0.0,0,0.0,0
Benin,112620000,indigenous beliefs,French,republic under multiparty democratic rule; dropped Marxism-Leninism December 1989; democratic reforms adopted February 1990; transition to multiparty system completed 4 April 1991,Porto-Novo is the official capital; Cotonou is the seat of government,7742000000,7250033,ACCT\ACP\AfDB\AU\ECOWAS\Entente\FAO\FZ\G-77\IAEA\IBRD\ICAO\ICCt\ICFTU\ICRM\IDA\IDB\IFAD\IFC\IFRCS\ILO\IMF\IMO\Interpol\IOC\IOM\ISO\WAEMU\WCL\WCO\WFTU\WHO\WIPO\WMO\WToO\WTO,35,145.8034258,145.0428571,6000,0.924055932345307,0
Belarus,207600000,Eastern Orthodox,Belarusian,"republic in name, although in fact a dictatorship",Minsk,62560000000,10310520,CEI\CIS\EAPC\EBRD\IAEA\IBRD\ICAO\ICFTU\ICRM\IFC\IFRCS\ILO\IMF\Interpol\IOC\IOM,15,190.7288751,188.0009282,182000,1.35822231382833,0
Solomon Islands,28450000,Anglican,Melanesian pidgin in much of the country is lingua franca; English is official but spoken by only,parliamentary democracy tending toward anarchy,Honiara,800000000,523617,ACP\AsDB\C\ESCAP\FAO\G-77\IBRD\ICAO\ICCt\ICRM\IDA\IFAD\IFC\IFRCS\ILO\IMF\IMO\IOC\ITU\OPCW\PIF\Sparteca\UN\UNCTAD\UNESCO\UPU\WFTU\WHO\WMO\WTO,29,131.9695652,140.9043478,0,0.0,0
Navassa Island,54000,,,,,0,0,,0,0.0,0.0,0,0.0,0
Brazil,8511965000,Roman Catholic,Portuguese,federative republic,Brasilia,1375000000000,184101109,AfDB\BIS\FAO\G-15\G-24\G-77\IADB\IAEA\IBRD\ICAO\ICC\ICCt\ICFTU\ICRM\IDA\IFAD\IFC\IFRCS\IHO\ILO\IMF\IMO\Interpol\IOC\IOM\ISO\ITU\LAES\LAIA\Mercosur\MIGA\MINUSTAH\NAM\UNCTAD\UNESCO\UNHCR\UNIDO\UNITAR\UNMIK\UNMIL\UNMISET\UNMOVIC\UNOCI\UPU\WCL\WCO\WFTU\WHO\WIPO\WMO\WToO\WTO,51,113.2840636,175.3986382,687000,1.46126840890621,0
Bassas da India,02000,,,,,0,0,,0,0.0,0.0,0,0.0,0
Bhutan,47000000,Lamaistic Buddhist,Dzongkha,monarchy; special treaty relationship with India,Thimphu,2700000000,2185569,AsDB\CP\FAO\G-77\IBRD\ICAO\IDA\IFAD\IFC\IMF\IOC\IOM,11,234.5890411,177.6699029,0,0.0,0
Bulgaria,110910000,Bulgarian Orthodox,Bulgarian,parliamentary democracy,Sofia,57130000000,7517973,ACCT\Australia Group\BIS\BSEC\CE\CEI\CERN\EAPC\EBRD\EU\WFTU\WHO\WIPO\WMO\WToO\WTO\ZC,16,220.8794285,204.7181894,85000,2.50694613629339,0
Bouvet Island,585000,,,,,0,0,,0,0.0,0.0,0,0.0,0
Brunei,5770000,Muslim,Malay,constitutional sultanate,Bandar Seri Begawan,6500000000,365251,APEC\ARF\ASEAN\C\G-77\IBRD\ICAO\ICRM\IDB\IFRCS\IMF\IMO\Interpol\IOC\ISO\ITU\NAM\OIC\OPCW\UN\UNCTAD\UPU\WCO\WHO\WIPO\WMO\WTO,26,0.0,0.0,0,0.0,0
Burundi,27830000,Christian,Kirundi,republic,Bujumbura,3780000000,6231221,ACCT\ACP\AfDB\AU\CEPGL\FAO\G-77\IBRD\ICAO\ICCt\ICFTU\ICRM\IDA\IFAD\IFC\IFRCS\ILO\IMF\Interpol\IOC\IOM\ITU\MIGA\NAM\OPCW\UN\UNCTAD\UNESCO\UNIDO\UPU\WCO\WHO\WIPO\WMO\WToO\WTO,35,119.1435274,93.77142777,81000,4.90326684339249,387
Canada,9984670000,Roman Catholic,English,confederation with parliamentary democracy,Ottawa,958700000000,32507874,ACCT\AfDB\APEC\ARF\AsDB\ASEAN\NATO\NEA\NSG\OAS\OECD\OPCW\OSCE\Paris Club\PCA\UN\UNAMSIL\UNCTAD\UNDOF\UNESCO\UNFICYP\UNHCR\UNMOVIC\UNTSO\UPU\WCL\WCO\WFTU\WHO\WIPO\WMO\WToO\WTO\ZC,33,114.3611762,114.5128463,71000,1.10796602708278,0
Cambodia,181040000,Theravada Buddhist,Khmer,multiparty democracy under a constitutional monarchy established in September 1993,Phnom Penh,25020000000,13363421,ACCT\ARF\AsDB\ASEAN\FAO\G-77\IBRD\ICAO\ICCt\ICRM\IDA\IFAD\IFC\IFRCS\ILO\IMF\IMO\Interpol\IOC\IOM\ISO\PCA\UN\UNCTAD\UNESCO\UNIDO\UPU\WCO\WFTU\WHO\WIPO\WMO\WToO\WTO,33,164.9656719,201.3739578,192000,1.29674221150823,0
Chad,1284000000000,Muslim,French,republic,N'Djamena,10670000000,9538544,ACCT\ACP\AfDB\AU\BDEAC\CEMAC\FAO\FZ\G-77\IBRD\ICAO\ICCt\ICFTU\ICRM\IDA\IDB\IFAD\IFC\IFRCS\ILO\IMF\Interpol\IOC\ITU\MIGA\NAM\OIC\ONUB\OPCW\UN\UNCTAD\UNESCO\UNIDO\UNOCI\UPU\WCL\WHO\WIPO\WMO\WToO\WTO,40,300.6309148,1197.26776,34000,1.01162496678722,50
Sri Lanka,65610000,Buddhist,Sinhala,republic,Colombo; note - Sri Jayewardenepura Kotte is the legislative capital,73700000000,19905165,AsDB\C\CP\FAO\G-15\G-24\G-77\IAEA\IBRD\ICAO\ICC\ICFTU\ICRM\IDA\IFAD\IFC\IFRCS\IHO\ILO\IMF\IMO\Interpol\IOC\IOM\ISO\ITU\MIGA\MINURSO\MINUSTAH\MONUC\NAM\OAS\ONUB\OPCW\PCA\SAARC\SACEP\UN\UNCTAD\UNESCO\UNIDO\UPU\WCL\WCO\WFTU\WHO\WIPO\WMO\WToO\WTO,49,126.931625,106.0169387,239000,2.99735847919569,0
"Congo, Republic of the",342000000,Christian,French,republic,Brazzaville,2148000000,2998040,ACCT\ACP\AfDB\AU\BDEAC\CEMAC\FAO\FZ\G-77\IBRD\ICAO\ICCt\ICFTU\ICRM\IDA\IFAD\IFC\IFRCS\ILO\IMF\IMO\Interpol\IOC\IOM\ITU\MIGA\NAM\OPCW\UN\UNCTAD\UNESCO\UNIDO\UNOCI\UPU\WCL\WCO\WFTU\WHO\WIPO\WMO\WToO\WTO,41,0.0,0.0,0,0.0,0
"Congo, Democratic Republic of the",2345410000,Roman Catholic,French,dictatorship; presumably undergoing a transition to representative government,Kinshasa,40050000000,58317930,ACCT\ACP\AfDB\AU\CEPGL\FAO\G-24\G-77\IAEA\IBRD\ICAO\ICCt\ICFTU\ICRM\IDA\IFAD\IFC\IFRCS\IHO\ILO\IMF\IMO\Interpol\IOC\IOM\ISO\PCA\SADC\UN\UNCTAD\UNESCO\UNHCR\UNIDO\UPU\WCL\WCO\WFTU\WHO\WIPO\WMO\WToO\WTO,41,0.0,0.0,0,0.0,0
China,9596960000,Daoist,Standard Chinese or Mandarin,Communist state,Beijing,6449000000000,1298847624,AfDB\APEC\ARF\AsDB\ASEAN\ONUB\OPCW\PCA\SCO\UN\UN Security Council\UNAMSIL\UNCTAD\UNESCO\UNHCR\UNIDO\UNITAR\UNMEE\UNMIL\UNMOVIC\UNOCI\UNTSO\UPU\WCO\WHO\WIPO\WMO\WToO\WTO\ZC,29,249.4085075,238.0894291,3755000,2.05227346805883,0
Chile,756950000,Roman Catholic,Spanish,republic,Santiago,154700000000,15823957,APEC\BIS\FAO\G-15\G-77\IADB\IAEA\IBRD\ICAO\ICC\ICCt\MIGA\MINUSTAH\NAM\OAS\OPANAL\OPCW\PCA\RG\UN\UNCTAD\UNESCO\UNHCR\UNIDO\UNMIK\UNMOGIP\UNTSO\UPU\WCL\WCO\WFTU\WHO\WIPO\WMO\WToO\WTO,35,133.9667805,169.2857477,116000,2.70797513556408,0
Cayman Islands,262000,United Church,English,British crown colony,George Town,1270000000,43103,Caricom\UPU,1,124.8120301,129.7297297,0,0.0,0
Cocos (Keeling) Islands,14000,Sunni Muslim,Malay,NA,West Island,0,629,none,0,0.0,0.0,0,0.0,0
Cameroon,475440000,indigenous beliefs,,unitary republic; multiparty presidential regime (opposition parties legalized in 1990),Yaounde,27750000000,16063678,ABEDA\ACCT\ACP\AfDB\AU\BDEAC\C\CEMAC\FAO\FZ\G-77\IAEA\IBRD\ICAO\ICC\ICCt\ICFTU\ICRM\IDA\IDB\IFAD\IFC\IFRCS\ILO\IMF\IMO\Interpol\IOC\ITU\MIGA\MONUC\NAM\OIC\OPCW\PCA\UN\UNCTAD\UNESCO\UNIDO\UNMIK\UPU\WCL\WCO\WFTU\WHO\WIPO\WMO\WToO\WTO,48,162.1902822,135.1206765,23000,1.4016038318718,0
Comoros,2170000,Sunni Muslim,Arabic,independent republic,Moroni,441000000,651901,ACCT\ACP\AfDB\AMF\AU\FAO\FZ\G-77\IBRD\ICAO\ICCt\UN\UNCTAD\UNESCO\UNIDO\UPU\WCO\WHO\WMO,18,198.1550926,136.972504,0,0.0,0
Colombia,1138910000,Roman Catholic,Spanish,republic; executive branch dominates government structure,Bogota,263200000000,42310775,BCIE\CAN\CDB\FAO\G-3\G-24\G-77\IADB\IAEA\IBRD\ICAO\ICC\ICCt\ICFTU\ICRM\IDA\IFAD\IFC\IFRCS\IHO\ILO\IMF\IMO\Interpol\IOC\IOM\ISO\ITU\LAES\LAIA\Mercosur\MIGA\NAM\OAS\OPANAL\OPCW\PCA\RG\UN\UNCTAD\UNESCO\UNHCR\UNIDO\UPU\WCL\WCO\WFTU\WHO\WIPO\WMO\WToO\WTO,51,145.1289162,124.3818666,336000,3.46501517406307,1234
Northern Mariana Islands,477000,Christian,English,"commonwealth; self-governing with locally elected governor, lieutenant governor, and legislature",Saipan,900000000,78252,Interpol,0,109.3551341,81.21927237,0,0.0,0
Coral Sea Islands,3000,,,,,0,0,,0,0.0,0.0,0,0.0,0
Costa Rica,51100000,Roman Catholic,Spanish,democratic republic,San Jose,35340000000,3956507,BCIE\CACM\FAO\G-77\IADB\IAEA\IBRD\ICAO\ICC\ICCt\ICFTU\ICRM\IDA\IFAD\IFC\IFRCS\ILO\IMF\IMO\Interpol\IOC\IOM\ISO\ITU\LAES\LAIA\OAS\OPANAL\OPCW\PCA\RG\UN\UNCTAD\UNESCO\UNIDO\UPU\WCL\WCO\WFTU\WHO\WIPO\WMO\WToO\WTO,43,129.4200517,107.7229602,0,0.0,0
Central African Republic,622984000,indigenous beliefs,French,republic,Bangui,4183000000,3742482,ACCT\ACP\AfDB\AU\BDEAC\CEMAC\FAO\FZ\G-77\IAEA\IBRD\ICAO\ICCt\ICFTU\ICRM\IDA\IFAD\IFC\IFRCS\ILO\IMF\Interpol\IOC\ITU\MIGA\NAM\OIC\UN\UNCTAD\UNESCO\UNIDO\UPU\WCL\WCO\WHO\WIPO\WMO\WToO\WTO,38,129.2683761,83.12360248,2000,1.20169301509674,0
Cuba,110860000,nominally,Spanish,Communist state,Havana,32130000000,11308764,ACP\FAO\G-77\IAEA\ICAO\ICC\ICRM\IFAD\IFRCS\IHO\ILO\IMO\Interpol\IOC\IOM\OPANAL\OPCW\PCA\UN\UNCTAD\UNESCO\UNIDO\UPU\WCL\WCO\WFTU\WHO\WIPO\WMO\WToO\WTO,30,115.9388962,139.146778,75000,0.0,0
Cape Verde,4033000,Roman Catholic,Portuguese,republic,Praia,600000000,415294,ACCT\ACP\AfDB\AU\ECOWAS\FAO\G-77\IBRD\ICAO\ICCt,9,0.0,0.0,0,0.0,0
Cook Islands,240000,Christian,English,self-governing parliamentary democracy,Avarua,105000000,21200,ACP\AsDB\FAO\ICAO\ICFTU\IFAD\IFRCS\IOC\OPCW\PIF\Sparteca\UNESCO\UPU\WHO\WMO,14,0.0,0.0,0,0.0,0
Cyprus,9250000,Greek Orthodox,Greek,republic,Nicosia,14821217,775927,Australia Group\C\CE\EBRD\EIB\EU\WFTU\WHO\WIPO\WMO\WToO\WTO,11,143.0319756,99.63535117,11000,1.9557691617927,0
Denmark,43094000,Evangelical Lutheran,Danish,constitutional monarchy,Copenhagen,167200000000,5413392,AfDB\AsDB\Australia Group\BIS\CBSS\CE\CERN\EAPC\EBRD\EIB\ESA\EU\FAO\G- 9\IADB\IAEA\IBRD\ICAO\ICC\ICCt\ICFTU\ICRM\IDA\IEA\IFAD\IFC\IFRCS\IHO\ILO\IMF\IMO\Interpol\IOC\IOM\ISO\ITU\MIGA\MONUC\NATO\NC\NEA\NIB\NSG\OAS\WHO\WIPO\WMO\WTO\ZC,48,149.9776595,150.6464478,21000,1.42370423392813,0
Djibouti,23000000,Muslim,French,republic,Djibouti,619000000,466900,ACCT\ACP\AfDB\AFESD\AMF\AU\FAO\G-77\IBRD\ICAO\ICCt\ICFTU\ICRM\IDA\IDB\IFAD\IFC\IFRCS\IGAD\ILO\IMF\IMO\Interpol\IOC\ITU\LAS\NAM\OIC\OPCW\UN\UNCTAD\UNESCO\UNIDO\UPU\WFTU\WHO\WIPO\WMO\WToO\WTO,39,126.5661017,120.193038,11000,5.60717905405405,0
Dominica,754000,Roman Catholic,English,parliamentary democracy; republic within the Commonwealth,Roseau,380000000,69278,ACCT\ACP\C\Caricom\CDB\FAO\G-77\IBRD\ICCt\ICFTU\ICRM\IDA\IFAD\IFC\IFRCS\ILO\IMF\IMO\Interpol\IOC\ISO\OAS\OECS\OPANAL\OPCW\UN\UNCTAD\UNESCO\UNIDO\UPU\WCL\WHO\WIPO\WMO\WTO,34,97.24777438,78.37432301,0,0.0,0
Jarvis Island,45000,,,,,0,0,,0,0.0,0.0,0,0.0,0
Dominican Republic,48730000,Roman Catholic,Spanish,representative democracy,Santo Domingo,52710000000,8833634,ACP\FAO\G-77\IADB\IAEA\IBRD\ICAO\ICCt\PCA\RG\UN\UNCTAD\UNESCO\UNIDO\UNOCI\UPU\WCL\WCO\WFTU\WHO\WIPO\WMO\WToO\WTO,23,83.21552906,103.4687119,39000,0.687618052138186,0
Dhekelia,1308000,,,,Episkopi; located in Akrotiri,0,0,,0,0.0,0.0,0,0.0,0
Ecuador,283560000,Roman Catholic,Spanish,republic,Quito,45650000000,13212742,CAN\FAO\G-77\IADB\IAEA\IBRD\ICAO\ICC\ICCt\ICFTU\ICRM\IDA\IFAD\IFC\IFRCS\IHO\ILO\IMF\IMO\Interpol\IOC\IOM\ISO\ITU\LAES\LAIA\Mercosur\MIGA\MINUSTAH\NAM\OAS\OPANAL\OPCW\PCA\RG\UN\UNCTAD\UNESCO\UNHCR\UNIDO\UNMIL\UNOCI\UPU\WCL\WCO\WFTU\WHO\WIPO\WMO\WToO\WTO,50,221.069463,157.3670034,46270,1.9403327987762,0
European Union,3976372000,Roman Catholic,Czech,,"Brussels, Belgium",11050000000000,456285839,,0,0.0,0.0,2597112,1.76713725422915,0
Egypt,1001450000,Muslim,Arabic,republic,Cairo,295200000000,76117421,ABEDA\ACCT\AfDB\AFESD\AMF\AU\BSEC\PCA\UN\UNAMSIL\UNCTAD\UNESCO\UNHCR\UNIDO\UNITAR\UNMIK\UNMIL\UNOMIG\UNRWA\UPU\WCO\WFTU\WHO\WIPO\WMO\WToO\WTO,26,0.0,0.0,0,0.0,0
Ireland,70280000,Roman Catholic,English is the language generally used,republic,Dublin,116200000000,3969558,Australia Group\BIS\CE\EAPC\EBRD\EIB\EMU\ESA\EU\FAO\IAEA\IBRD\ICAO\ICC\ICCt\ICFTU\ICRM\IDA\IEA\IFAD\IFC\IFRCS\ILO\IMF\IMO\Interpol\IOC\IOM\ISO\ITU\MIGA\MINURSO\MONUC\NAM\WHO\WIPO\WMO\WTO\ZC,38,121.4059496,135.6971608,10000,0.568322292110072,0
Equatorial Guinea,28051000,nominally Christian and predominantly Roman Catholic,Spanish,republic,Malabo,1270000000,523051,ACCT\ACP\AfDB\AU\BDEAC\CEMAC\FAO\FZ\G-77\IBRD\ICAO\ICRM\IDA\IFAD\IFC\IFRCS\ILO\IMF\IMO\Interpol\IOC\ITU\MIGA\NAM\OAS,24,242.1286031,419.2199635,1000,0.0,0
Estonia,45226000,Evangelical Lutheran,Estonian,parliamentary republic,Tallinn,17350000000,1341664,Australia Group\BIS\CBSS\CE\EAPC\EBRD\EIB\EU\WHO\WIPO\WMO\WTO,11,165.002692,154.9069263,6000,1.6996892247017,0
Eritrea,121320000,Muslim,Afar,transitional government,Asmara (formerly Asmera),3300000000,4447307,ACP\AfDB\AU\FAO\G-77\IAEA\IBRD\ICAO\ICCt\ITU\MIGA\NAM\OPCW\PCA\UN\UNCTAD\UNESCO\UNIDO\UPU\WCO\WFTU\WHO\WIPO\WMO\WToO,24,101.8308335,30.56756757,201000,0.0,0
El Salvador,21040000,Roman Catholic,Spanish,republic,San Salvador,30990000000,6587541,BCIE\CACM\FAO\G-77\IADB\IAEA\IBRD\ICAO\ICC\ICFTU\ICRM\IDA\IFAD\IFC\IFRCS\ILO\IMF\IMO\Interpol\IOC\IOM\ISO\ITU\MIGA\MINURSO\OAS\OPANAL\OPCW\PCA\RG\UN\UNCTAD\UNESCO\UNIDO\UNMIL\UNOCI\UPU\WCL\WFTU\WHO\WIPO\WMO\WToO\WTO,43,127.9347079,112.3634818,15000,0.810214431044768,0
Ethiopia,1127127000,Muslim,Amharic,federal republic,Addis Ababa,46810000000,67851281,ACP\AfDB\AU\FAO\G-24\G-77\IAEA\IBRD\ICAO\ICRM\IDA\IFAD\IFC\IFRCS\IGAD\ILO\IMF\IMO\Interpol\IOC\IOM,20,228.0018343,139.6706229,182000,3.07265040654432,50
Europa Island,28000,,,,,0,0,,0,0.0,0.0,0,0.0,0
Czech Republic,78866000,Roman Catholic,Czech,parliamentary democracy,Prague,161100000000,10246178,ACCT\WFTU\WHO\WIPO\WMO\WToO\WTO\ZC,7,218.8241426,237.1166558,27000,1.71370317302129,0
French Guiana,91000000,Roman Catholic,French,NA,Cayenne,1551000000,191309,UPU\WCL\WFTU,2,0.0,0.0,0,0.0,0
Finland,338145000,Evangelical Lutheran,Finnish,republic,Helsinki,142200000000,5214512,AfDB\AsDB\Australia Group\BIS\CBSS\CE\CERN\EAPC\EBRD\EIB\EMU\ESA\EU\FAO\G- 9\IADB\IAEA\IBRD\ICAO\ICC\ICCt\ICFTU\ICRM\IDA\IEA\IFAD\IFC\IFRCS\IHO\ILO\IMF\IMO\Interpol\IOC\IOM\ISO\ITU\MIGA\NAM\WFTU\WHO\WIPO\WMO\WTO\ZC,44,149.7266905,133.7727922,31000,1.47016356457354,0
Fiji,18270000,Christian,English,republic,Suva (Viti Levu),5012000000,880874,ACP\AsDB\C\CP\FAO\G-77\IBRD\ICAO\ICCt\ICFTU\ICRM\IDA\IFAD\IFC\IFRCS\IHO\ILO\IMF\IMO\Interpol\IOC\ISO\ITU\MIGA\OPCW\PCA\PIF\Sparteca\UN\UNCTAD\UNESCO\UNIDO\UNMIK\UNMISET\UPU\WCO\WFTU\WHO\WIPO\WMO\WToO\WTO,41,174.2168675,118.4615385,3000,1.71575938748871,0
Falkland Islands (Islas Malvinas),12173000,primarily Anglican,English,NA,Stanley,75000000,2967,ICFTU\UPU,1,0.0,0.0,0,0.0,0
"Micronesia, Federated States of",702000,Roman Catholic,English,constitutional government in free association with the US; the Compact of Free Association entered into force 3 November 1986 and the Amended Compact entered into force May 2004,Palikir,277000000,108155,ACP\AsDB\FAO\G-77\IBRD\ICAO\IDA\IFC\IFRCS\IMF\IOC\ITU\MIGA\OPCW\PIF\Sparteca\UN\UNCTAD\UNESCO\WHO\WMO,20,0.0,0.0,0,0.0,0
Faroe Islands,1399000,Evangelical Lutheran,Faroese,NA,Torshavn,1000000000,46662,IMO\NC\NIB\UPU,3,117.8236398,129.9578059,0,0.0,0
French Polynesia,4167000,Protestant,French,NA,Papeete,4580000000,266339,FZ\ICFTU\PIF\UPU\WMO,4,154.4741504,90.04524887,0,0.0,0
Baker Island,14000,,,,,0,0,,0,0.0,0.0,0,0.0,0
France,547030000,Roman Catholic,French,republic,Paris,1661000000000,60424213,ABEDA\ACCT\AfDB\AsDB\Australia Group\BDEAC\BIS\BSEC\WCL\WCO\WEU\WFTU\WHO\WIPO\WMO\WToO\WTO\ZC,17,139.2904143,138.3424561,358000,2.50525375597338,0
French Southern and Antarctic Lands,7829000,,,,,0,0,,0,0.0,0.0,0,0.0,0
"Gambia, The",11300000,Muslim,English,republic under multiparty democratic rule,Banjul,2560000000,1546848,ACP\AfDB\AU\C\ECOWAS\FAO\G-77\IBRD\ICAO\ICCt\ICFTU\ICRM\IDA\IDB\IFAD\IFC\IFRCS\ILO\IMF\IMO\Interpol\IOC\IOM\ITU\MIGA\NAM\OIC\ONUB\OPCW\UN\UNAMSIL\UNCTAD\UNESCO\UNIDO\UNMEE\UNMIL\UNOCI\UPU\WCL\WCO\WFTU\WHO\WIPO\WMO\WToO\WTO,45,122.3887701,112.1078735,800,0.333697715896669,0
Gabon,267667000,Christian,French,republic; multiparty presidential regime (opposition parties legalized in 1990),Libreville,7301000000,1355246,ACCT\ACP\AfDB\AU\BDEAC\CEMAC\FAO\FZ\G-24\G-77\IAEA\IBRD\ICAO\ICCt\ICFTU\IDA\IDB\IFAD\IFC\IFRCS\ILO\IMF\IMO\Interpol\IOC\ITU\MIGA\NAM\OIC\ONUB\OPCW\UN\UNCTAD\UNESCO\UNIDO\UPU\WCL\WCO\WHO\WIPO\WMO\WToO\WTO,42,141.7576833,143.4732221,6000,1.6131661692941,0
Georgia,69700000,Georgian Orthodox,Georgian,republic,T'bilisi,12180000000,4693892,BSEC\CE\CIS\EAPC\EBRD\FAO\GUUAM\IAEA\IBRD\ICAO\ICC\ICCt\ICFTU\IDA\IFAD\IFC\IFRCS\ILO\IMF\IMO\Interpol\IOC\IOM\ITU\MIGA\OAS\OPCW\OSCE\PFP\UN\UNCTAD\UNESCO\UNIDO\UPU\WCO\WHO\WIPO\WMO\WToO\WTO,39,260.165272,200.2795666,22000,1.37383833962725,27
Ghana,239460000,Christian,English,constitutional democracy,Accra,44440000000,20757032,ACP\AfDB\AU\C\ECOWAS\FAO\G-24\G-77\IAEA\IBRD\ICAO\ICC\ICCt\ICFTU\ICRM\IDA\IFAD\IFC\IFRCS\ILO\IMF\IMO\Interpol\IOC\IOM\ONUB\OPCW\UN\UNAMSIL\UNCTAD\UNESCO\UNIDO\UNIFIL\UNITAR\UNMEE\UNMIK\UNMIL\UNOCI\UPU\WCL\WCO\WFTU\WHO\WIPO\WMO\WToO\WTO,46,136.8959724,146.6271757,7000,0.389777264257665,0
Gibraltar,65000,Roman Catholic,English,NA,Gibraltar,500000000,27833,Interpol\UPU,1,111.1508153,156.2289536,0,0.0,0
Grenada,344000,Roman Catholic,English,constitutional monarchy with Westminster-style parliament,Saint George's,440000000,89357,ACP\C\Caricom\CDB\FAO\G-77\IBRD\ICAO\ICFTU\ICRM\IDA\IFAD\IFC\IFRCS\ILO\IMF\IMO\Interpol\IOC\ISO\UN\UNCTAD\UNESCO\UNIDO\UPU\WHO\WIPO\WTO,27,97.76618854,65.77916667,0,0.0,0
Guernsey,78000,Anglican,English,NA,Saint Peter Port,1300000000,65031,UPU,0,0.0,0.0,0,0.0,0
Greenland,2166086000,Evangelical Lutheran,Greenlandic,parliamentary democracy within a constitutional monarchy,Nuuk (Godthab),1100000000,56384,NC\NIB\UPU,2,149.5890411,139.7076923,0,0.0,0
Germany,357021000,Protestant,German,federal republic,Berlin,2271000000000,82424609,AfDB\AsDB\Australia Group\BIS\BSEC\WCO\WEU\WHO\WIPO\WMO\WToO\WTO\ZC,12,144.3115657,165.2995727,284000,1.34808994900071,0
Glorioso Islands,5000,,,,,0,0,,0,0.0,0.0,0,0.0,0
Guadeloupe,1780000,Roman Catholic,French,NA,Basse-Terre,3513000000,444515,WCL\WFTU,1,0.0,0.0,0,0.0,0
Guam,549000,Roman Catholic,English,NA,Hagatna (Agana),3200000000,166090,Interpol\IOC\UPU,2,166.6666667,71.37972973,0,0.0,0
Greece,131940000,Greek Orthodox,Greek,parliamentary republic; monarchy rejected by referendum 8 December 1974,Athens,213600000000,10647529,Australia Group\BIS\BSEC\CE\CERN\EAPC\EBRD\EIB\EMU\EU\FAO\G- 6\IAEA\IBRD\ICAO\ICC\ICCt\ICFTU\ICRM\IDA\IEA\IFAD\IFC\IFRCS\IHO\ILO\IMF\IMO\Interpol\IOC\IOM\ISO\ITU\MIGA\MINURSO\NAM\UNCTAD\UNESCO\UNHCR\UNIDO\UNMEE\UNMIK\UNOMIG\UPU\WCO\WEU\WFTU\WHO\WIPO\WMO\WToO\WTO\ZC,52,157.9761603,130.5958995,167000,2.60567252971209,0
Guatemala,108890000,Roman Catholic,Spanish,constitutional democratic republic,Guatemala,56500000000,14280596,BCIE\CACM\FAO\G-24\G-77\IADB\IAEA\IBRD\ICAO\ICFTU\ICRM\IDA\IFAD\IFC\IFRCS\IHO\ILO\IMF\IMO\Interpol\IOC\IOM\ISO\MIGA\MINUSTAH\NAM\OAS\ONUB\OPANAL\OPCW\PCA\UN\UNCTAD\UNESCO\UNIDO\UNOCI\UPU\WCL\WCO\WFTU\WHO\WIPO\WMO\WToO\WTO,44,183.2095757,185.7627619,48000,0.479416089056921,0
Guinea,245857000,Muslim,French,republic,Conakry,19020000000,9246462,ACCT\ACP\AfDB\AU\ECOWAS\FAO\G-77\IBRD\ICAO\ICCt\ICFTU\ICRM\IDA\IDB\IFAD\IFC\IFRCS\ILO\IMF\IMO\Interpol\IOC\IOM\ISO\ITU\MIGA\MINURSO\NAM\OIC\ONUB\OPCW\UN\UNAMSIL\UNCTAD\UNESCO\UNHCR\UNIDO\UNOCI\UPU\WCL\WCO\WFTU\WHO\WIPO\WMO\WToO\WTO,46,127.4509804,111.7462462,11000,2.22856440980186,0
Guyana,214970000,Christian,English,republic within the Commonwealth,Georgetown,2797000000,705803,ACP\C\Caricom\CDB\FAO\G-77\IADB\IBRD\ICAO\ICCt\ICFTU\ICRM\IDA\IFAD\IFC\IFRCS\ILO\IMF\IMO\Interpol\IOC\ISO\ITU\LAES\MIGA\NAM\OAS\OIC\OPANAL\OPCW\PCA\RG\UN\UNCTAD\UNESCO\UNIDO\UPU\WCL\WCO\WFTU\WHO\WIPO\WMO\WTO,43,113.6642234,118.2394012,2000,2.80932483375126,0
Gaza Strip,360000,Muslim,Arabic,,,768000000,1324991,,0,0.0,0.0,0,0.0,0
Haiti,27750000,Roman Catholic,French,elected government,Port-au-Prince,12300000000,7656166,ACCT\ACP\Caricom\FAO\G-77\IADB\IAEA\IBRD\ICAO\ICCt\PCA\UN\UNCTAD\UNESCO\UNIDO\UPU\WCL\WCO\WFTU\WHO\WIPO\WMO\WToO\WTO,23,126.0423101,123.1749929,0,0.0,207
Hong Kong,1092000,eclectic mixture of local religions,Chinese,limited democracy,,213000000000,6855125,APEC\AsDB\BIS\ICC\ICFTU\IHO\IMF\IMO\WTO,8,0.0,0.0,0,0.0,0
Heard Island and McDonald Islands,412000,,,,,0,0,,0,0.0,0.0,0,0.0,0
Honduras,112090000,Roman Catholic,Spanish,democratic constitutional republic,Tegucigalpa,17550000000,6823568,ABEDA\BCIE\CACM\FAO\G-77\IADB\IAEA\IBRD\ICAO\ICCt\ICFTU\ICRM\IDA\IFAD\IFC\IFRCS\ILO\IMF\IMO\Interpol\IOC\IOM\ISO\PCA\RG\UN\UNCTAD\UNESCO\UNIDO\UPU\WCL\WFTU\WHO\WIPO\WMO\WToO\WTO,36,146.1253111,135.6062027,20000,0.682692754206461,0
Howland Island,16000,,,,,0,0,,0,0.0,0.0,0,0.0,0
Croatia,56542000,Roman Catholic,Croatian,presidential/parliamentary democracy,Zagreb,47050000000,4496869,ABEDA\BIS\CE\CEI\EAPC\EBRD\FAO\IADB\IAEA\IBRD\ICAO\ICC\ICCt\ICFTU\ICRM\IDA\IFAD\IFC\IFRCS\IHO\ILO\IMF\IMO\Interpol\IOC\IOM\ISO\ITU\MIGA\MINURSO\MINUSTAH\NAM\OPCW\OSCE\PCA\PFP\UN\UNAMSIL\UNCTAD\UNESCO\UNFICYP\UNIDO\UNMEE\UNMIL\UNMOGIP\UNOCI\UPU\WCO\WHO\WIPO\WMO\WToO\WTO,52,210.3490644,181.0668833,30000,1.76014374945944,0
Hungary,93030000,Roman Catholic,Hungarian,parliamentary democracy,Budapest,139800000000,10032375,Australia Group\BIS\CE\CEI\CERN\EAPC\EBRD\EIB\ESA\WFTU\WHO\WIPO\WMO\WToO\WTO\ZC,15,188.1735079,197.097844,46000,1.47272381889096,0
Iceland,103000000,Evangelical Lutheran,Icelandic,constitutional republic,Reykjavik,8678000000,293966,Australia Group\BIS\CBSS\CE\EAPC\EBRD\EFTA\FAO\IAEA\IBRD\ICAO\ICC\ICCt\ICFTU\ICRM\IDA\IFAD\IFC\IFRCS\IHO\ILO\IMF\IMO\Interpol\IOC\ISO\ITU\MIGA\NATO\NC\NEA\NIB\OECD\OPCW\OSCE\PCA\UN\UNCTAD\UNESCO\UPU\WCO\WEU\WHO\WIPO\WMO\WTO,45,140.7070684,149.3685429,0,0.0,0
Indonesia,1919440000,Muslim,Bahasa Indonesia,republic,Jakarta,758800000000,238452952,APEC\ARF\AsDB\ASEAN\BIS\CP\FAO\G-15\G-77\IAEA\IBRD\ICAO\ICC\ICFTU\ICRM\IDA\IDB\IFAD\IFC\IFRCS\IHO\ILO\IMF\IMO\Interpol\IOC\IOM\ISO\ITU\MIGA\MONUC\NAM\OIC\OPCW\OPEC\UN\UNAMSIL\UNCTAD\UNESCO\UNIDO\UNMIL\UNOMIG\UPU\WCL\WCO\WFTU\WHO\WIPO\WMO\WToO\WTO,50,125.8781741,108.2008623,582000,0.945714621727218,935
"Man, Isle of",572000,Anglican,English,parliamentary democracy,Douglas,1600000000,74655,UPU,0,0.0,0.0,0,0.0,0
India,3287590000,Hindu,English enjoys associate status but is the most important language for national,federal republic,New Delhi,3033000000000,1065070607,AfDB\ARF\AsDB\ASEAN\ONUB\OPCW\PCA\SAARC\SACEP\UN\UNCTAD\UNESCO\UNHCR\UNIDO\UNIFIL\UNMEE\UNMIK\UNMOVIC\UNOCI\UPU\WCL\WCO\WFTU\WHO\WIPO\WMO\WToO\WTO,27,193.6525312,180.8632988,2617000,2.82875224798105,1374
British Indian Ocean Territory,60000,,,,,0,0,,0,0.0,0.0,0,0.0,0
Clipperton Island,6000,,,,,0,0,,0,0.0,0.0,0,0.0,0
Iran,1648000000000,Shi'a Muslim,Persian and Persian dialects,theocratic republic,Tehran,478200000000,69018924,CP\ECO\FAO\G-24\G-77\IAEA\IBRD\ICAO\ICC\ICCt\ICRM\IDA\IDB\IFAD\IFC\IFRCS\IHO\ILO\IMF\IMO\Interpol\IOC\IOM\ISO\ITU\MIGA\NAM\OIC\OPCW\OPEC\PCA\UN\UNCTAD\UNESCO\UNHCR\UNIDO\UNMEE\UPU\WCL\WCO\WFTU\WHO\WIPO\WMO\WToO,44,0.0,0.0,0,0.0,0
Israel,20770000,Jewish,Hebrew,parliamentary democracy,"Jerusalem; note - Israel proclaimed Jerusalem as its capital in 1950, but the US, like nearly all other countries, maintains its Embassy in Tel Aviv",120900000000,6199008,BIS\BSEC\PCA\UN\UNCTAD\UNESCO\UNHCR\UNIDO\UPU\WCO\WHO\WIPO\WMO\WToO\WTO,14,113.7390543,122.9720865,176000,8.22141087565519,378
Italy,301230000,predominately Roman Catholic with mature Protestant and Jewish communities and a growing Muslim immigrant community,Italian,republic,Rome,1550000000000,58057477,AfDB\AsDB\Australia Group\BIS\BSEC\OECD\OPCW\OSCE\Paris Club\PCA\UN\UNCTAD\UNESCO\UNHCR\UNIDO\UNIFIL\UNMEE\UNMIK\UNMOGIP\UNTSO\UPU\WCL\WCO\WEU\WHO\WIPO\WMO\WToO\WTO\ZC,29,148.8128641,147.0917992,445000,1.68267326961679,0
Cote d'Ivoire,322460000,Christian,French,republic; multiparty presidential regime established 1960,"Yamoussoukro; note - although Yamoussoukro has been the official capital since 1983, Abidjan remains the commercial and administrative center; the US, like other countries, maintains its Embassy in Abidjan",24510000000,17327724,ACCT\ACP\AfDB\AU\ECOWAS\Entente\FAO\FZ\G-24\G-77\IAEA\IBRD\ICAO\ICCt\WAEMU\WCL\WCO\WFTU\WHO\WIPO\WMO\WToO\WTO,22,189.9424053,177.9578189,18000,1.51507182012153,47
Iraq,437072000,Muslim,Arabic,none; note - the Iraqi Interim Government (IG) was appointed on 1 June 2004,Baghdad,37920000000,25374691,ABEDA\AFESD\AMF\CAEU\FAO\G-77\IAEA\IBRD\ICAO\ICRM\IDA\IDB\IFAD\IFC\IFRCS\ILO\IMF\IMO\Interpol\IOC\ISO\ITU\LAS\NAM\OAPEC\OIC\OPEC\PCA\UN\UNCTAD\UNESCO\UNIDO\UPU\WCO\WFTU\WHO\WIPO\WMO\WTO\WToO,39,161.2566238,87.38959764,179000,1.67558936789706,4094
Japan,377835000,observe both Shinto and Buddhist,Japanese,constitutional monarchy with a parliamentary government,Tokyo,3582000000000,127333002,AfDB\APEC\ARF\AsDB\ASEAN\UNCTAD\UNDOF\UNESCO\UNHCR\UNIDO\UNITAR\UNMOVIC\UNRWA\UPU\WCL\WCO\WFTU\WHO\WIPO\WMO\WToO\WTO\ZC,22,119.770757,118.0220574,251000,0.941607638434338,0
Jersey,116000,Anglican,English,NA,Saint Helier,2200000000,90502,,0,0.0,0.0,0,0.0,0
Jamaica,10991000,Protestant,English,constitutional parliamentary democracy,Kingston,10610000000,2713130,ACP\C\Caricom\CDB\FAO\G-15\G-77\IADB\IAEA\IBRD\ICAO\ICCt\ISO\ITU\LAES\MIGA\NAM\OAS\OPANAL\OPCW\UN\UNCTAD\UNESCO\UNIDO\UPU\WCO\WFTU\WHO\WIPO\WMO\WToO\WTO,31,119.34114,108.2734174,2000,0.53596996755953,0
Jan Mayen,373000,,,,,0,0,,0,0.0,0.0,0,0.0,0
Jordan,92300000,Sunni Muslim,Arabic,constitutional monarchy,'Amman,23640000000,5611202,ABEDA\AFESD\AMF\CAEU\FAO\G-77\IAEA\IBRD\ICAO\ICC\ICCt\ICFTU\ICRM\IDA\IDB\IFAD\IFC\IFRCS\ILO\IMF\IMO\Interpol\IOC\IOM\ISO\ITU\LAS\MIGA\MINUSTAH\MONUC\NAM\OIC\ONUB\OPCW\OSCE\PCA\UN\UNAMSIL\UNCTAD\UNESCO\UNIDO\UNMEE\UNMIK\UNMIL\UNMISET\UNOCI\UNOMIG\UNRWA\UPU\WCO\WFTU\WHO\WIPO\WMO\WToO\WTO,55,177.9235531,204.4581523,110000,5.14172128874042,0
Johnston Atoll,28000,,,,,0,396,,0,0.0,0.0,0,0.0,0
Juan de Nova Island,44000,,,,,0,0,,0,0.0,0.0,0,0.0,0
Kenya,582650000,Protestant,English,republic,Nairobi,33030000000,32021856,ACP\AfDB\AU\C\EADB\FAO\G-15\G-77\IAEA\IBRD\ICAO\ICCt\ICFTU\ICRM\IDA\IFAD\IFC\IFRCS\IGAD\ILO\IMF\IMO\Interpol\IOC\IOM\ISO\ITU\MIGA\MINURSO\MONUC\NAM\ONUB\OPCW\UN\UNAMSIL\UNCTAD\UNESCO\UNHCR\UNIDO\UNMEE\UNMIK\UNMIL\UNOCI\UPU\WCO\WHO\WIPO\WMO\WToO\WTO,49,146.6038957,154.7949709,29000,1.61419423692636,0
Kyrgyzstan,198500000,Muslim,Kyrgyz - official language,republic,Bishkek,7808000000,5081429,AsDB\CIS\EAPC\EBRD\ECO\FAO\IAEA\IBRD\ICAO\ICCt\OIC\OPCW\OSCE\PCA\PFP\SCO\UN\UNAMSIL\UNCTAD\UNESCO\UNIDO\UNMIK\UNMIL\UPU\WCO\WFTU\WHO\WIPO\WMO\WToO\WTO,30,0.0,0.0,0,0.0,0
"Korea, North",120540000,traditionally Buddhist and Confucianist,Korean,Communist state one-man dictatorship,Pyongyang,29580000000,22697553,ARF\FAO\G-77\ICAO\ICRM\IFAD\IFRCS\IHO\IMO\IOC\ISO\ITU\NAM\UN\UNCTAD\UNESCO\UNIDO\UPU\WFTU\WHO\WIPO\WMO\WToO,22,0.0,0.0,0,0.0,0
Kingman Reef,1000,,,,,0,0,,0,0.0,0.0,0,0.0,0
Kiribati,811000,Roman Catholic,I-Kiribati,republic,Tarawa,79000000,100798,ACP\AsDB\C\FAO\IBRD\ICAO\ICFTU\ICRM\IDA\IFC\IFRCS\ILO\IMF\IMO\IOC\ITU\OPCW\PIF\Sparteca\UN\UNESCO\UPU\WHO\WMO,23,150.151699,68.76391982,0,0.0,0
"Korea, South",98480000,no affiliation,Korean,republic,Seoul,857800000000,48598175,AfDB\APEC\ARF\AsDB\ASEAN\PCA\UN\UNCTAD\UNESCO\UNIDO\UNMIL\UNMOGIP\UNOMIG\UPU\WCL\WCO\WHO\WIPO\WMO\WToO\WTO\ZC,21,0.0,0.0,0,0.0,0
Christmas Island,135000,Buddhist,English,NA,The Settlement,0,396,none,0,0.0,0.0,0,0.0,0
Kuwait,17820000,Muslim,Arabic,nominal constitutional monarchy,Kuwait,41460000000,2257549,ABEDA\AfDB\AFESD\AMF\BDEAC\CAEU\FAO\G-77\GCC\IAEA\IBRD\ICAO\ICC\ICCt\ICRM\IDA\IDB\IFAD\IFC\IFRCS\IHO\ILO\IMF\IMO\Interpol\IOC\ISO\ITU\LAS\MIGA\NAM\OAPEC\OIC\OPCW\OPEC\PCA\UN\UNCTAD\UNESCO\UNIDO\UNITAR\UPU\WCO\WFTU\WHO\WIPO\WMO\WToO\WTO,48,176.4775744,147.1444742,21000,5.80446088589746,0
Kazakhstan,2717300000,Muslim,Kazakh,"republic; authoritarian presidential rule, with little power outside the executive branch",Astana; note - the government moved from Almaty to Astana in December 1998,105500000000,15143704,AsDB\CIS\EAPC\EBRD\ECO\FAO\IAEA\IBRD\ICAO\IDA\IDB\IFAD\IFC\IFRCS\ILO\IMF\IMO\Interpol\IOC\IOM\ISO\ITU\MIGA\NAM,23,253.5952381,228.0145707,99000,0.988239740954479,0
Laos,236800000,Buddhist,Lao,Communist state,Vientiane,10320000000,6068117,ACCT\ARF\AsDB\ASEAN\CP\FAO\G-77\IBRD\ICAO\ICRM\IDA\IFAD\IFC\IFRCS\ILO\IMF\Interpol\IOC\ITU\MIGA\NAM\OPCW\PCA\UN\UNCTAD\UNESCO\UNIDO\UPU\WFTU\WHO\WIPO\WMO\WToO\WTO,33,0.0,0.0,0,0.0,0
Lebanon,10400000,Muslim,Arabic,republic,Beirut,17820000000,3777218,ABEDA\ACCT\AFESD\AMF\FAO\G-24\G-77\IAEA\IBRD\ICAO\ICC\ICFTU\ICRM\IDA\IDB\IFAD\IFC\IFRCS\ILO\IMF\IMO\Interpol\IOC\ISO,23,154.2375602,307.7332139,85000,4.51424506886149,0
Latvia,64589000,Lutheran,Latvian,parliamentary democracy,Riga,23900000000,2306306,Australia Group\BIS\CBSS\CE\EAPC\EBRD\EIB\EU\WHO\WIPO\WMO\WTO,11,221.6246505,214.5699578,5000,1.59565821670758,0
Lithuania,65200000,Roman Catholic,Lithuanian,parliamentary democracy,Vilnius,40880000000,3607899,ACCT\WHO\WIPO\WMO\WToO\WTO,5,227.0365722,244.1870784,28000,1.19594328186275,0
Liberia,111370000,indigenous beliefs,English,republic,Monrovia,3261000000,3390635,ACP\AfDB\AU\ECOWAS\FAO\G-77\IAEA\IBRD\ICAO\ICCt\ICFTU\ICRM\IDA\IFAD\IFC\IFRCS\ILO\IMF\IMO\Interpol\IOC\IOM\ITU\NAM\OPCW\UN\UNCTAD\UNESCO\UNIDO\UPU\WCL\WCO\WFTU\WHO\WIPO\WMO,35,50.41916168,31.55015198,0,0.543574151330196,0
Slovakia,48845000,Roman Catholic,Slovak,parliamentary democracy,Bratislava,72290000000,5423567,Australia Group\BIS\CE\CEI\CERN\EAPC\EBRD\EIB\EU\WFTU\WHO\WIPO\WMO\WToO\WTO\ZC,15,0.0,0.0,0,0.0,0
Palmyra Atoll,119000,,,,,0,420,,0,0.0,0.0,0,0.0,0
Liechtenstein,160000,Roman Catholic,German,hereditary constitutional monarchy on a democratic and parliamentary basis,Vaduz,825000000,33436,CE\EBRD\EFTA\IAEA\ICCt\ICRM\IFRCS\Interpol\IOC\ITU\OPCW\OSCE\PCA\UN\UNCTAD\UPU\WCL\WIPO\WTO,18,0.0,0.0,0,0.0,0
Lesotho,30355000,Christian,Sesotho,parliamentary constitutional monarchy,Maseru,5583000000,1865040,ACP\AfDB\AU\C\FAO\G-77\IBRD\ICAO\ICCt\ICRM\IDA\IFAD\IFC\IFRCS\ILO\IMF\Interpol\IOC\ISO\ITU\MIGA\NAM\OPCW\SACU\SADC\UN\UNCTAD\UNESCO\UNHCR\UNIDO\UPU\WCO\WFTU\WHO\WIPO\WMO\WToO\WTO,37,177.9469898,320.8047305,2000,2.13166293812828,0
Luxembourg,2586000,Roman Catholic,Luxembourgish,constitutional monarchy,Luxembourg,25010000000,462690,ACCT\AsDB\Australia Group\Benelux\CE\EAPC\EBRD\EIB\EMU\EU\FAO\IAEA\IBRD\ICAO\ICC\ICCt\ICFTU\ICRM\IDA\IEA\IFAD\IFC\IFRCS\ILO\IMF\IMO\Interpol\IOC\IOM\ISO\ITU\MIGA\NATO\NEA\NSG\OAS\OECD\OPCW\OSCE\PCA\UN\UNCTAD\UNESCO\UNIDO\UPU\WCL\WCO\WEU\WHO\WIPO\WMO\WTO\ZC,52,178.1874249,194.4391625,1512,0.676557871149446,0
Libya,1759540000,Sunni Muslim,Arabic,"Jamahiriya (a state of the masses) in theory, governed by the populace through local councils; in fact, a military dictatorship",Tripoli,35000000000,5631585,ABEDA\AfDB\AFESD\AMF\AMU\AU\CAEU\FAO\G-77\IAEA\IBRD\ICAO\ICRM\IDA\IDB\IFAD\IFC\IFRCS\ILO\IMF\IMO\Interpol\IOC\IOM\ISO\ITU\LAS\MIGA\NAM\OAPEC\OIC\OPCW\OPEC\PCA\UN\UNCTAD\UNESCO\UNIDO\UPU\WCO\WFTU\WHO\WIPO\WMO\WTO\WToO,45,169.5069668,160.3878856,76000,2.07107445674837,0
Madagascar,587040000,indigenous beliefs,French,republic,Antananarivo,13020000000,17501871,ABEDA\ACCT\ACP\AfDB\AU\FAO\G-77\IAEA\IBRD\ICAO\ICCt\ITU\MIGA\NAM\OPCW\UN\UNCTAD\UNESCO\UNHCR\UNIDO\UPU\WCL\WCO\WFTU\WHO\WIPO\WMO\WToO\WTO,28,153.1314801,120.3413835,21000,1.2482266720781,0
Martinique,1100000,Roman Catholic,French,NA,Fort-de-France,6117000000,429510,UPU\WCL\WFTU,2,0.0,0.0,0,0.0,0
Macau,254000,Buddhist,Portuguese,limited democracy,,9100000000,445286,IMF\IMO\WTO,2,0.0,0.0,0,0.0,0
Moldova,33843000,Eastern Orthodox,Moldovan,republic,Chisinau,7792000000,4446455,ACCT\BSEC\CE\CEI\CIS\EAPC\EBRD\FAO\GUUAM\IAEA\IBRD\ICAO\ICCt\ITU\MIGA\OPCW\OSCE\PFP\UN\UNCTAD\UNESCO\UNIDO\UNMIL\UNOCI\UPU\WCO\WHO\WIPO\WMO\WToO\WTO,30,227.6105534,208.7230932,9000,0.360979036536125,0
Mayotte,374000,Muslim,Mahorian,NA,Mamoutzou,466800000,186026,UPU,0,0.0,0.0,0,0.0,0
Mongolia,1564116000,Buddhist Lamaist,Khalkha Mongol,mixed parliamentary/presidential,Ulaanbaatar,4882000000,2751314,ARF\AsDB\CP\EBRD\FAO\G-77\IAEA\IBRD\ICAO\ICC\ICCt\ICFTU\ICRM\IDA\IFAD\IFC\IFRCS\ILO\IMF\IMO\Interpol\IOC\ISO\ITU\MIGA\MINURSO\MONUC\NAM\OPCW\OSCE\UN\UNCTAD\UNESCO\UNIDO\UPU\WCO\WHO\WIPO\WMO\WToO\WTO,40,166.1676159,162.3180291,15000,1.38273006263926,0
Montserrat,102000,Anglican,English,NA,"Plymouth (abandoned in 1997 due to volcanic activity; interim government buildings have been built at Brades Estate, in the Carr's Bay/Little Bay vicinity at the northwest end of Montserrat)",29000000,9245,Caricom\CDB\ICFTU\Interpol\OECS\UPU,5,0.0,0.0,0,0.0,0
Malawi,118480000,Protestant,English,multiparty democracy,Lilongwe,6845000000,11906855,ACP\AfDB\AU\C\FAO\G-77\IBRD\ICAO\ICCt\ICFTU\ICRM\IDA\IFAD\IFC\IFRCS\ILO\IMF\IMO\Interpol\IOC\ISO\ITU\MIGA\MONUC\NAM\ONUB\OPCW\SADC\UN\UNCTAD\UNESCO\UNIDO\UNMIK\UNMIL\UPU\WCL\WCO\WFTU\WHO\WIPO\WMO\WToO\WTO,42,175.176018,127.4047259,6000,0.631868059297767,0
Macedonia,25333000,Macedonian Orthodox,Macedonian,parliamentary democracy,Skopje,13810000000,2071210,ACCT\BIS\CE\CEI\EAPC\EBRD\FAO\IAEA\IBRD\ICAO\ICCt\ICRM\IDA\IFAD\IFC\IFRCS\ILO\IMF\IMO\Interpol\IOC\IOM\ISO\ITU\MIGA\OPCW\OSCE\PCA\PFP\UN\UNCTAD\UNESCO\UNIDO\UPU\WCL\WCO\WHO\WIPO\WMO\WToO\WTO,40,0.0,0.0,0,0.0,0
Mali,124000000000,Muslim,French,republic,Bamako,10530000000,11956788,ACCT\ACP\AfDB\AU\ECOWAS\FAO\FZ\G-77\IAEA\IBRD\ICAO\ICCt\ICFTU\ICRM\IDA\IDB\IFAD\IFC\IFRCS\ILO\IMF\Interpol\IOC\IOM\ITU\MIGA\MONUC\NAM\OIC\ONUB\OPCW\UN\UNAMSIL\UNCTAD\UNESCO\UNIDO\UNMIL\UPU\WADB\WAEMU\WCO\WFTU\WHO\WIPO\WMO\WToO\WTO,46,169.2307692,179.1620183,11000,1.42199884362637,0
Monaco,195000,Roman Catholic,French,constitutional monarchy,Monaco,870000000,32270,ACCT\CE\FAO\IAEA\ICAO\ICC\ICCt\ICRM\IFRCS\IHO\IMO\Interpol\IOC\ITU\OPCW\OSCE\UN\UNCTAD\UNESCO\UNIDO\UNITAR\UPU\WHO\WIPO\WMO\WToO,25,0.0,0.0,0,0.0,0
Morocco,446550000,Muslim,Arabic,constitutional monarchy,Rabat,128300000000,32209101,ABEDA\ACCT\AfDB\AFESD\AMF\AMU\EBRD\FAO\G-77\IAEA\IBRD\ICAO\ICC\ICCt\PCA\UN\UNCTAD\UNESCO\UNHCR\UNIDO\UNITAR\UNOCI\UPU\WCL\WCO\WHO\WIPO\WMO\WToO\WTO,29,154.525404,133.5476406,250000,3.24946757487646,0
Mauritius,2040000,Hindu,English,parliamentary democracy,Port Louis,13850000000,1220481,ACCT\ACP\AfDB\AU\C\FAO\G-77\IAEA\IBRD\ICAO\ICCt\ICFTU\ICRM\IDA\IFAD\IFC\IFRCS\ILO\IMF\IMO\InOC\Interpol\IOC\ISO\ITU\MIGA\NAM\OPCW\PCA\SADC\UN\UNCTAD\UNESCO\UNIDO\UNMIK\UPU\WCL\WCO\WFTU\WHO\WIPO\WMO\WToO\WTO,43,125.5368598,128.0096339,0,0.166216849736244,0
Midway Islands,62000,,,,,0,40,,0,0.0,0.0,0,0.0,0
Mauritania,1030700000,Muslim,Arabic,republic,Nouakchott,5195000000,2998563,ABEDA\ACCT\ACP\AfDB\AFESD\AMF\AMU\AU\CAEU\FAO\G-77\IBRD\ICAO\ICFTU\ICRM\IDA\IDB\IFAD\IFC\IFRCS\IHO\ILO\IMF\IMO\Interpol\IOC\IOM\ITU\LAS\MIGA\NAM\OIC\OPCW\UN\UNCTAD\UNESCO\UNIDO\UPU\WCL\WCO\WHO\WIPO\WMO\WToO\WTO,44,203.2956702,123.9836309,20000,3.83812011166649,0
Malta,316000,Roman Catholic,Maltese,republic,Valletta,7082000000,396851,Australia Group\C\CE\EBRD\EIB\EU\WHO\WIPO\WMO\WToO\WTO,10,106.6551047,102.6084589,2000,0.670530017159899,0
Oman,212460000,Ibadhi Muslim,Arabic,monarchy,Muscat,36700000000,2903165,ABEDA\AFESD\AMF\FAO\G-77\GCC\IBRD\ICAO\ICCt\IDA\IDB\IFAD\IFC\IHO\ILO\IMF\IMO\Interpol\IOC\ISO\ITU\LAS\MIGA\NAM\OIC\OPCW\UN\UNCTAD\UNESCO\UNIDO\UPU\WCO\WFTU\WHO\WIPO\WMO\WTO\WToO,37,171.4203664,117.8723517,45000,9.00780996371161,0
Maldives,300000,Sunni Muslim,Maldivian Dhivehi,republic,Male,1250000000,339330,AsDB\C\CP\FAO\G-77\IBRD\ICAO\IDA\IDB\IFAD\IFC\IMF\IMO\Interpol\IOC\ITU\NAM\OIC\OPCW\SAARC\SACEP\UN\UNCTAD\UNESCO\UNIDO\UPU\WCO\WHO\WIPO\WMO\WToO\WTO,31,165.1655987,166.5133395,0,0.0,0
Mexico,1972550000,nominally Roman Catholic,Spanish,federal republic,Mexico (Distrito Federal),941200000000,104959594,APEC\BCIE\BIS\CDB\CE\NEA\OAS\OECD\OPANAL\OPCW\PCA\RG\UN\UNCTAD\UNESCO\UNHCR\UNIDO\UNITAR\UNMOVIC\UPU\WCL\WCO\WFTU\WHO\WIPO\WMO\WToO\WTO,27,112.7019907,112.9907446,203000,0.400006006365321,0
Malaysia,329750000,Muslim,Bahasa Melayu,constitutional monarchy,Kuala Lumpur,207800000000,23522482,ABEDA\APEC\ARF\AsDB\ASEAN\BIS\C\CP\FAO\G-15\G-77\IAEA\IBRD\ICAO\ICC\ICFTU\ICRM\IDA\IDB\IFAD\IFC\IFRCS\IHO\ILO\IMF\IMO\Interpol\IOC\ISO\ITU\MIGA\MINURSO\MONUC\NAM\OIC\ONUB\OPCW\PCA\UN\UNAMSIL\UNCTAD\UNESCO\UNIDO\UNMEE\UNMIK\UNMIL\UNMISET\UPU\WCL\WCO\WFTU\WHO\WIPO\WMO\WToO\WTO,55,128.3097743,128.9288144,130000,2.26306196840826,0
Mozambique,801590000,indigenous beliefs,Makhuwa,republic,Maputo,21230000000,18811731,ACP\AfDB\AU\C\FAO\G-77\IBRD\ICAO\ICCt\ITU\MIGA\MONUC\NAM\OIC\ONUB\OPCW\SADC\UN\UNCTAD\UNESCO\UNHCR\UNIDO\UNMISET\UPU\WCO\WFTU\WHO\WIPO\WMO\WToO\WTO,30,175.7056995,413.1445055,11000,1.3624211148071,0
New Caledonia,19060000,Roman Catholic,French,NA,Noumea,3158000000,213679,FZ\ICFTU\PIF\UPU\WFTU\WMO,5,177.3946443,170.6174181,0,0.0,0
Niue,260000,Ekalesia Niue,Niuean,self-governing parliamentary democracy,Alofi,7600000,2156,ACP\FAO\PIF\Sparteca\UNESCO\UPU\WHO\WMO,7,0.0,0.0,0,0.0,0
Norfolk Island,346000,Anglican,English,NA,Kingston,0,1841,UPU,0,0.0,0.0,0,0.0,0
Niger,1267000000000,Muslim,French,republic,Niamey,9062000000,11360538,ACCT\ACP\AfDB\AU\ECOWAS\Entente\FAO\FZ\G-77\IAEA\IBRD\ICAO\ICCt\ICFTU\ICRM\IDA\IDB\IFAD\IFC\IFRCS\ILO\IMF\Interpol\IOC\IOM\ISO\WAEMU\WCL\WCO\WFTU\WHO\WIPO\WMO\WToO\WTO,34,189.7590819,154.4087769,10000,1.09118729739427,4
Vanuatu,12200000,Presbyterian,three official languages: English,parliamentary republic,Port-Vila (Efate),563000000,202609,ACCT\ACP\AsDB\C\FAO\G-77\IBRD\ICAO\ICFTU\ICRM\IDA\IFC\IFRCS\ILO\IMF\IMO\IOC\ITU\MIGA\NAM\PIF\Sparteca\UN\UNCTAD\UNESCO\UNIDO\UPU\WFTU\WHO\WMO\WTrO,30,147.0942529,143.3653846,0,0.0,0
Nigeria,923768000,Muslim,English,republic transitioning from military to civilian rule,Abuja; note - on 12 December 1991 the capital was officially transferred from Lagos to Abuja; most federal government offices have now made the move to Abuja,114800000000,137253133,ACP\AfDB\AU\C\ECOWAS\FAO\G-15\G-24\G-77\IAEA\IBRD\ICAO\ICC\ICCt\ICFTU\ICRM\IDA\IFAD\IFC\IFRCS\IHO\ILO\IMF\IMO\Interpol\IOC\IOM\ISO\ITU\MIGA\MINURSO\MONUC\NAM\OIC\ONUB\OPCW\OPEC\PCA\UN\UNAMSIL\UNCTAD\UNESCO\UNHCR\UNIDO\UNITAR\UNMEE\UNMIK\UNMIL\UNMOVIC\UNOCI\UPU\WCO\WFTU\WHO\WIPO\WMO\WToO\WTO,57,162.4069806,184.1764005,160000,0.490996769130759,128
Netherlands,41526000,Roman Catholic,Dutch,constitutional monarchy,Amsterdam; The Hague is the seat of government,461400000000,16318199,AfDB\AsDB\Australia Group\Benelux\BIS\CE\CERN\EAPC\EBRD\EIB\EMU\ESA\EU\FAO\G-10\IADB\IAEA\IBRD\ICAO\ICC\ICCt\ICFTU\ICRM\IDA\IEA\IFAD\IFC\IFRCS\IHO\ILO\IMF\IMO\Interpol\IOC\IOM\ISO\ITU\MIGA\NAM\OECD\ONUB\OPCW\OSCE\Paris Club\PCA\UN\UNCTAD\UNESCO\UNHCR\UNIDO\UNITAR\UNTSO\UPU\WCL\WCO\WEU\WHO\WIPO\WMO\WToO\WTO\ZC,61,146.8202877,153.6920383,53000,1.42682783976905,0
Norway,324220000,Evangelical Lutheran,Bokmal Norwegian,constitutional monarchy,Oslo,171700000000,4574560,AfDB\AsDB\Australia Group\BIS\CBSS\CE\CERN\EAPC\EBRD\EFTA\ESA\FAO\IADB\IAEA\IBRD\ICAO\ICC\ICCt\ICFTU\ICRM\IDA\IEA\IFAD\IFC\IFRCS\IHO\ILO\IMF\IMO\Interpol\IOC\IOM\ISO\ITU\MIGA\NAM\WHO\WIPO\WMO\WTO\ZC,40,141.123721,137.4128546,25000,1.84878514417382,0
Nepal,140800000,Hinduism,Nepali,parliamentary democracy and constitutional monarchy,Kathmandu,38290000000,27070666,AsDB\CP\FAO\G-77\IBRD\ICAO\ICC\ICFTU\ICRM\IDA\IFAD\IFC\IFRCS\ILO\IMF\IMO\Interpol\IOC\IOM,18,123.1762238,95.99452736,131000,1.79329239841169,1880
Nauru,21000,Christian,Nauruan,republic,no official capital; government offices in Yaren District,60000000,12809,ACP\AsDB\C\FAO\ICAO\ICCt\Interpol\IOC\ITU\OPCW\PIF\Sparteca\SPC\UN\UNCTAD\UNESCO\UPU\WHO,17,69.23076923,44.82758621,0,0.0,0
Suriname,163270000,Hindu,Dutch,constitutional democracy,Paramaribo,1752000000,436935,ACP\Caricom\FAO\G-77\IADB\IBRD\ICAO\ICFTU\ICRM\IDB\IFAD\IFRCS\IHO\ILO\IMF\IMO\Interpol\IOC\ITU\LAES\MIGA\NAM\OAS\OIC\OPANAL\OPCW\PCA\UN\UNCTAD\UNESCO\UNIDO\UPU\WCL\WHO\WIPO\WMO\WTO,36,141.0344989,220.5733899,1000,0.0,0
Netherlands Antilles,960000,Roman Catholic,Dutch,parliamentary,Willemstad,2450000000,218126,ILO\IMF\Interpol\IOC\UNESCO,4,0.0,0.0,0,0.0,0
Nicaragua,129494000,Roman Catholic,Spanish,republic,Managua,11600000000,5359759,BCIE\CACM\FAO\G-77\IADB\IAEA\IBRD\ICAO\ICFTU\ICRM\IDA\IFAD\IFC\IFRCS\ILO\IMF\IMO\Interpol\IOC\IOM\ISO\MIGA\NAM\OAS\OPANAL\OPCW\PCA\RG\UN\UNCTAD\UNESCO\UNHCR\UNIDO\UPU\WCL\WCO\WHO\WIPO\WMO\WToO\WTO,40,136.4085484,155.4621849,14000,0.730793275300281,0
New Zealand,268680000,Anglican,English,parliamentary democracy,Wellington,85340000000,3993817,ANZUS\NSG\OECD\OPCW\PCA\PIF\Sparteca\SPC\UN\UNAMSIL\UNCTAD\UNESCO\UNHCR\UNIDO\UNMIK\UNMISET\UNTSO\UPU\WCO\WFTU\WHO\WIPO\WMO\WTO,23,166.8176607,152.9920103,8000,1.3417807365988,0
Southern Ocean,20327000000000,,,,,0,0,,0,0.0,0.0,0,0.0,0
Paraguay,406750000,Roman Catholic,Spanish,constitutional republic,Asuncion,28170000000,6191368,FAO\G-77\IADB\IAEA\IBRD\ICAO\ICCt\ICFTU\ICRM\IDA\IFAD\IFC\IFRCS\ILO\IMF\IMO\Interpol\IOC\IOM\ISO\OAS\ONUB\OPANAL\OPCW\PCA\RG\UN\UNCTAD\UNESCO\UNIDO\UNMEE\UNMIL\UNOCI\UPU\WCL\WCO\WHO\WIPO\WMO\WToO\WTO,40,137.0219909,130.6518891,24000,0.877630063887399,0
Pitcairn Islands,47000,Seventh-Day Adventist,English,NA,Adamstown,0,46,UPU,0,0.0,0.0,0,0.0,0
Peru,1285220000,Roman Catholic,Spanish,constitutional republic,Lima,146000000000,27544305,APEC\CAN\FAO\G-15\G-24\G-77\IADB\IAEA\IBRD\ICAO\ICC\ICCt\ICFTU\ICRM\IDA\IFAD\IFC\IFRCS\IHO\ILO\IMF\IMO\Interpol\IOC\IOM\ISO\MIGA\MINUSTAH\MONUC\NAM\OAS\ONUB\OPANAL\OPCW\PCA\RG\UN\UNCTAD\UNESCO\UNIDO\UNMEE\UNMIL\UNOCI\UPU\WCL\WCO\WFTU\WHO\WIPO\WMO\WToO\WTO,51,136.2235847,184.1720454,157000,1.38222353551043,0
Paracel Islands,0,,,,,0,0,,0,0.0,0.0,0,0.0,0
Spratly Islands,5000,,,,,0,0,,0,0.0,0.0,0,0.0,0
Pakistan,803940000,Muslim,Punjabi,federal republic,Islamabad,318000000000,159196336,ARF\AsDB\C\OIC\ONUB\OPCW\PCA\SAARC\SACEP\UN\UNAMSIL\UNCTAD\UNESCO\UNHCR\UNIDO\UNITAR\UNMIK\UNMIL\UNMISET\UNOCI\UNOMIG\UPU\WCL\WCO\WFTU\WHO\WIPO\WMO\WToO\WTO,29,165.2138695,148.1940135,921000,3.95603411669147,359
Poland,312685000,Roman Catholic,Polish,republic,Warsaw,427100000000,38626349,ACCT\WFTU\WHO\WIPO\WMO\WToO\WTO\ZC,7,182.9451339,236.3878925,162000,1.8732410064926,0
Panama,78200000,Roman Catholic,Spanish,constitutional democracy,Panama,18780000000,3000463,FAO\G-77\IADB\IAEA\IBRD\ICAO\ICC\ICCt\ICFTU\ICRM\IDA\IFAD\IFC\IFRCS\ILO\IMF\IMO\Interpol\IOC\IOM\ISO\ITU\LAES\LAIA\MIGA\NAM\OAS\OPANAL\OPCW\PCA\RG\UN\UNCTAD\UNESCO\UNIDO\UPU\WCL\WCO\WFTU\WHO\WIPO\WMO\WToO\WTO,43,106.3781928,109.7952412,0,0.0,0
Portugal,92391000,Roman Catholic,Portuguese,parliamentary democracy,Lisbon,181800000000,10524145,AfDB\AsDB\Australia Group\BIS\CE\CERN\EAPC\EBRD\EIB\EMU\ESA\EU\FAO\IADB\IAEA\IBRD\ICAO\ICC\ICCt\ICFTU\ICRM\IDA\IEA\IFAD\IFC\IFRCS\IHO\ILO\IMF\IMO\Interpol\IOC\IOM\ISO\ITU\LAIA\OECD\ONUB\OPCW\OSCE\PCA\UN\UNCTAD\UNESCO\UNIDO\UNMIK\UNMISET\UPU\WCL\WCO\WEU\WFTU\WHO\WIPO\WMO\WToO\WTO\ZC,57,137.8748205,147.2510151,91000,1.9659180234695,0
Papua New Guinea,462840000,Roman Catholic,Melanesian Pidgin serves as the lingua franca,constitutional monarchy with parliamentary democracy,Port Moresby,11480000000,5420280,ACP\APEC\ARF\AsDB\C\CP\FAO\G-77\IBRD\ICAO\ICFTU\ICRM\IDA\IFAD\IFC\IFRCS\IHO\ILO\IMF\IMO\Interpol\IOC\IOM\ITU\MIGA\NAM\OPCW\PIF\Sparteca\UN\UNCTAD\UNESCO\UNIDO\UPU\WCO\WFTU\WHO\WIPO\WMO\WTO,39,145.9600348,123.2852954,3000,0.389122470657362,0
Palau,458000,Christian,English and Palauan official in all states except Sonsoral,constitutional government in free association with the US; the Compact of Free Association entered into force 1 October 1994,Koror; note - a new capital is being built about 20 km northeast of Koror,174000000,20016,ACP\AsDB\FAO\G-77\IBRD\ICAO\ICRM\IDA\IFC\IFRCS\IMF\IOC\MIGA\OPCW\PIF\UN\UNCTAD\UNESCO\WHO,18,84.40597954,51.11226973,0,0.0,0
Guinea-Bissau,36120000,indigenous beliefs,Portuguese,"republic, multiparty since mid-1991",Bissau,1063000000,1388363,ACCT\ACP\AfDB\AU\ECOWAS\FAO\FZ\G-77\IBRD\ICAO\ICCt\WAEMU\WFTU\WHO\WIPO\WMO\WToO\WTO,17,139.3728223,122.1448638,9000,0.0,0
Qatar,11437000,Muslim,Arabic,traditional monarchy,Doha,17540000000,840290,ABEDA\AFESD\AMF\FAO\G-77\GCC\IAEA\IBRD\ICAO\ICC\ICRM\IDB\IFAD\IFRCS\IHO\OIC\OPCW\OPEC\UN\UNCTAD\UNESCO\UNIDO\UPU\WCO\WHO\WIPO\WMO\WToO\WTO,28,184.6417897,161.1523202,12000,2.43385968557379,0
Reunion,2517000,Roman Catholic,French,NA,Saint-Denis,4348000000,766153,InOC\UPU\WFTU,2,0.0,0.0,0,0.0,0
Marshall Islands,1813000,Christian,English,constitutional government in free association with the US; the Compact of Free Association entered into force 21 October 1986 and the Amended Compact entered into force in May 2004,Majuro,115000000,57738,ACP\AsDB\FAO\G-77\IAEA\IBRD\ICAO\ICCt\IDA\IFC\IMF\IMO\Interpol\ITU\OPCW\PIF\Sparteca\UN\UNCTAD\UNESCO\WHO,20,153.1905562,216.8018413,0,0.0,0
Romania,237500000,Eastern Orthodox,Romanian,republic,Bucharest,155000000000,22355551,ACCT\Australia Group\BIS\BSEC\CE\CEI\EAPC\EBRD\EU\WFTU\WHO\WIPO\WMO\WToO\WTO\ZC,15,248.6389802,226.2125547,176000,2.00765756131918,0
Philippines,300000000,Roman Catholic,two official languages - Filipino,republic,Manila,390700000000,86241697,APEC\ARF\AsDB\ASEAN\BIS\CP\FAO\G-24\G-77\IAEA\IBRD\ICAO\ICC\ICCt\UNCTAD\UNESCO\UNHCR\UNIDO\UNMIK\UNMIL\UNMISET\UNOCI\UPU\WCL\WCO\WFTU\WHO\WIPO\WMO\WToO\WTO,30,124.508514,104.2078352,146000,1.36062650970663,339
Puerto Rico,9104000,Roman Catholic,Spanish,commonwealth,San Juan,65210000000,3897960,ICFTU\Interpol,1,0.0,0.0,0,0.0,0
Russia,17075200000,Russian Orthodox,Russian,federation,Moscow,1282000000000,143782338,APEC\ARF\ASEAN\ZC,3,0.0,0.0,0,0.0,0
Rwanda,26338000,Roman Catholic,Kinyarwanda,"republic; presidential, multiparty system",Kigali,10110000000,7954013,ACCT\ACP\AfDB\AU\CEPGL\FAO\G-77\IBRD\ICAO\ICFTU\ICRM\IDA\IFAD\IFC\IFRCS\ILO\IMF\Interpol\IOC\IOM\ISO\ITU\MIGA\NAM\OPCW\UN\UNCTAD\UNESCO\UNIDO\UPU\WCL\WCO\WHO\WIPO\WMO\WToO\WTO,36,133.0805274,185.2011177,53000,1.97346600331675,0
Saudi Arabia,1960582000,Muslim,Arabic,monarchy,Riyadh,287800000000,25795938,ABEDA\AfDB\AFESD\AMF\BIS\FAO\G-77\GCC\IAEA\IBRD\ICAO\ICC\ICRM\IDA\IDB\IFAD\IFC\IFRCS\ILO\IMF\IMO\Interpol\IOC\ISO\ITU\LAS\MIGA\NAM\OAPEC\OAS,29,156.6761459,162.402846,214000,8.08155565898243,58
Saint Pierre and Miquelon,242000,Roman Catholic,French,NA,Saint-Pierre,483360,6995,UPU\WFTU,1,0.0,0.0,0,0.0,0
Saint Kitts and Nevis,261000,Anglican,English,constitutional monarchy with Westminster-style parliament,Basseterre,339000000,38836,ACP\C\Caricom\CDB\FAO\G-77\IBRD\ICAO\ICFTU\ICRM\IDA\IFAD\IFC\IFRCS\ILO\IMF\IMO\Interpol\IOC\MIGA\OAS\OECS\OPANAL\OPCW\UN\UNCTAD\UNESCO\UNIDO\UPU\WHO\WIPO\WTO,31,0.0,0.0,0,0.0,0
Seychelles,455000,Roman Catholic,English,republic,Victoria,626000000,80832,ACCT\ACP\AfDB\AU\C\FAO\G-77\IAEA\IBRD\ICAO\ICCt,10,145.2146199,149.892268,650,1.89764022742369,0
South Africa,1219912000,Christian,,republic,Pretoria; note - Cape Town is the legislative center and Bloemfontein the judicial center,456700000000,42718530,ACP\AfDB\AU\BIS\C\FAO\G-24\G-77\IAEA\IBRD\ICAO\ICC\ICCt\ICFTU\ICRM\IDA\IFAD\IFC\IFRCS\IHO\ILO\IMF\IMO\Interpol\IOC\IOM\ISO\ITU\MIGA\MONUC\NAM\NSG\ONUB\OPCW\PCA\SACU\SADC\UN\UNCTAD\UNESCO\UNHCR\UNIDO\UNITAR\UNMEE\UNMIL\UPU\WCL\WCO\WFTU\WHO\WIPO\WMO\WToO\WTO\ZC,54,180.04984,153.9062135,55000,1.35572857797827,0
Senegal,196190000,Muslim,French,republic under multiparty democratic rule,Dakar,17090000000,10852147,ACCT\ACP\AfDB\AU\ECOWAS\FAO\FZ\G-15\G-77\IAEA\IBRD\ICAO\ICC\ICCt\ICFTU\ICRM\IDA\IDB\IFAD\IFC\IFRCS\ILO\IMF\IMO\Interpol\IOC\IOM\ISO\WAEMU\WCL\WCO\WFTU\WHO\WIPO\WMO\WToO\WTO,36,182.8413737,164.0072994,18000,1.33917465732881,0
Saint Helena,410000,Anglican,English,NA,Jamestown,18000000,7415,ICFTU\UPU,1,0.0,0.0,0,0.0,0
Slovenia,20273000,Roman Catholic,Slovenian,parliamentary democratic republic,Ljubljana,36820000000,2011473,Australia Group\BIS\CE\CEI\EAPC\EBRD\EIB\EU\WHO\WIPO\WMO\WToO\WTO\ZC,13,175.0093351,186.5654333,10000,1.43065194465024,0
Sierra Leone,71740000,Muslim,English,constitutional democracy,Freetown,3057000000,5883889,ACP\AfDB\AU\C\ECOWAS\FAO\G-77\IAEA\IBRD\ICAO\ICCt\ICFTU\ICRM\IDA\IDB\IFAD\IFC\IFRCS\ILO\IMF\IMO\Interpol\IOC\IOM\ITU\MIGA\NAM\OIC\OPCW\UN\UNCTAD\UNESCO\UNIDO\UPU\WCL\WCO\WFTU\WHO\WIPO\WMO\WToO\WTO,41,191.7455388,1063.353103,13000,1.58494660921678,0
San Marino,612000,Roman Catholic,Italian,independent republic,San Marino,940000000,28503,CE\FAO\IBRD\ICAO\ICCt\ICFTU\ICRM\IFRCS\ILO\IMF\IMO\IOC\IOM\ITU\OPCW\OSCE\UN\UNCTAD\UNESCO\UPU\WHO\WIPO\WToO,22,0.0,0.0,0,0.0,0
Singapore,6927000,Buddhist,Chinese,parliamentary republic,Singapore,109400000000,4353893,APEC\ARF\AsDB\ASEAN\BIS\C\CP\G-77\IAEA\IBRD\ICAO\ICC\ICFTU\ICRM\IDA\IFC\IFRCS\IHO\ILO\IMF\IMO\Interpol\IOC\ISO\ITU\MIGA\NAM\OPCW\PCA\UN\UNCTAD\UPU\WCL\WCO\WHO\WIPO\WMO\WTO,37,129.0267197,144.1445822,165000,4.41680505073795,0
Somalia,637657000,Sunni Muslim,Somali,"no permanent national government; transitional, parliamentary national government",Mogadishu,4361000000,8304601,ACP\AfDB\AFESD\AMF\AU\CAEU\FAO\G-77\IBRD\ICAO\ICRM\IDA\IDB\IFAD\IFC\IFRCS\IGAD\ILO\IMF\IMO\Interpol\IOC\IOM\ITU\LAS\NAM\OIC\UN\UNCTAD\UNESCO\UNHCR\UNIDO\UPU\WFTU\WHO\WIPO\WMO,36,177.8477507,93.2642487,0,0.0,0
Spain,504782000,Roman Catholic,Castilian Spanish,parliamentary monarchy,Madrid,885500000000,40280780,AfDB\AsDB\Australia Group\BCIE\BIS\CE\EAPC\EBRD\EIB\EMU\ESA\EU\FAO\IADB\IAEA\IBRD\ICAO\ICC\ICCt\ICFTU\ICRM\IDA\IEA\IFAD\IFC\IFRCS\IHO\ILO\IMF\IMO\Interpol\IOC\IOM\OECD\ONUB\OPCW\OSCE\Paris Club\PCA\UN\UNCTAD\UNESCO\UNHCR\UNIDO\UNMEE\UNMIK\UPU\WCL\WCO\WEU\WHO\WIPO\WMO\WToO\WTO\ZC,55,165.8550496,158.8490866,220000,1.42692879199461,0
Saint Lucia,616000,Roman Catholic,English,Westminster-style parliamentary democracy,Castries,866000000,164213,ACCT\ACP\C\Caricom\CDB\FAO\G-77\IBRD\ICAO\ICCt\ICFTU\ICRM\IDA\IFAD\IFC\IFRCS\ILO\IMF\IMO\Interpol\IOC\ISO\ITU\MIGA\NAM\OAS\OECS\OPANAL\OPCW\UN\UNCTAD\UNESCO\UNIDO\UPU\WCL\WFTU\WHO\WIPO\WMO\WTO,39,0.0,0.0,0,0.0,0
Sudan,2505810000,Sunni Muslim,Arabic,"authoritarian regime - ruling military junta took power in 1989; government is run by an alliance of the military and the National Congress Party (NCP), formerly the National Islamic Front (NIF), which espouses an Islamist platform",Khartoum,70950000000,39148162,ABEDA\ACP\AfDB\AFESD\AMF\AU\CAEU\FAO\G-77\IAEA\IBRD\ICAO\ICCt,12,262.4460617,209.110533,121000,5.78262016066383,3673
Svalbard,62049000,,Norwegian,NA,Longyearbyen,0,2756,none,0,0.0,0.0,0,0.0,0
Sweden,449964000,Lutheran,Swedish,constitutional monarchy,Stockholm,238300000000,8986400,AfDB\AsDB\Australia Group\BIS\CBSS\CE\CERN\EAPC\EBRD\EIB\ESA\EU\FAO\G- 6\G- 9\G-10\IADB\IAEA\IBRD\ICAO\ICC\ICCt\ICFTU\ICRM\IDA\IEA\IFAD\IFC\IFRCS\IHO\ILO\IMF\IMO\Interpol\IOC\IOM\ISO\ITU\MIGA\MONUC\NAM\WFTU\WHO\WIPO\WMO\WTO\ZC,46,138.1473932,141.8206997,27600,1.44306212463097,0
South Georgia and the South Sandwich Islands,3903000,,,,,0,0,,0,0.0,0.0,0,0.0,0
Syria,185180000,Sunni Muslim,Arabic,republic under military regime since March 1963,Damascus,58010000000,18016874,ABEDA\AFESD\AMF\CAEU\FAO\G-24\G-77\IAEA\IBRD\ICAO\ICC\ICCt\ICRM\IDA\IDB\IFAD\IFC\IFRCS\IHO\ILO\IMF\IMO\Interpol\IOC\ISO\ITU\LAS\MIGA\NAM\OAPEC\OIC\UN\UNCTAD\UNESCO\UNIDO\UNRWA\UPU\WCO\WFTU\WHO\WIPO\WMO\WToO,42,0.0,0.0,0,0.0,0
Switzerland,41290000,Roman Catholic,German,federal republic,Bern,239300000000,7450867,ACCT\AfDB\AsDB\Australia Group\BIS\CE\CERN\EAPC\EBRD\EFTA\ESA\FAO\G-10\IADB\IAEA\IBRD\ICAO\ICC\ICCt\ICFTU\ICRM\IDA\IEA\IFAD\IFC\IFRCS\ILO\IMF\IMO\Interpol\IOC\IOM\ISO\ITU\LAIA\OECD\OPCW\OSCE\Paris Club\PCA\PFP\UN\UNCTAD\UNESCO\UNHCR\UNIDO\UNITAR\UNMEE\UNMIK\UNOMIG\UNTSO\UPU\WCL\WCO\WHO\WIPO\WMO\WToO\WTO\ZC,59,140.3267047,152.6012422,4000,0.888925074606932,0
Trinidad and Tobago,5128000,Roman Catholic,English,parliamentary democracy,Port-of-Spain,10520000000,1096585,ACP\C\Caricom\CDB\FAO\G-24\G-77\IADB\IBRD\ICAO\ICCt\ICFTU\ICRM\IDA\IFAD\IFC\IFRCS\IHO\ILO\IMF\IMO\Interpol\IOC\ISO\ITU\LAES\MIGA\NAM\OAS\OPANAL\OPCW\UN\UNCTAD\UNESCO\UNIDO\UPU\WCL\WCO\WFTU\WHO\WIPO\WMO\WTO,42,146.8564087,152.4848386,2000,0.571441379516452,0
Tromelin Island,1000,,,,,0,0,,0,0.0,0.0,0,0.0,0
Thailand,514000000,Buddhism,Thai,constitutional monarchy,Bangkok,477500000000,64865523,APEC\ARF\AsDB\ASEAN\BIS\CP\FAO\G-77\IAEA\IBRD\ICAO\ICC\ICCt\PCA\UN\UNAMSIL\UNCTAD\UNESCO\UNHCR\UNIDO\UPU\WCL\WCO\WFTU\WHO\WIPO\WMO\WToO\WTO,28,152.4622356,139.565996,419000,1.15465234820074,164
Tajikistan,143100000,Sunni Muslim,Tajik,republic,Dushanbe,6812000000,7011556,AsDB\CIS\EAPC\EBRD\ECO\FAO\IAEA\IBRD\ICAO\ICCt\ICRM\IDA\IDB\IFAD\IFC\IFRCS\ILO\IMF\Interpol\IOC\IOM\ISO,21,176.4888889,116.5477707,12000,1.13133632771605,0
Turks and Caicos Islands,430000,Baptist,English,NA,Grand Turk (Cockburn Town),231000000,19956,Caricom\UPU,1,148.3841053,138.0801776,0,0.0,0
Tokelau,10000,Congregational Christian Church,Tokelauan,NA,none; each atoll has its own administrative center,1500000,1405,UNESCO\UPU,1,0.0,0.0,0,0.0,0
Tonga,748000,Christian,Tongan,hereditary constitutional monarchy,Nuku'alofa,236000000,110237,ACP\AsDB\C\FAO\G-77\IBRD\ICAO\ICFTU\ICRM\IDA\IFAD\IFC\IFRCS\IHO\IMF\IMO\Interpol\IOC\ITU\OPCW\PIF\Sparteca\UN\UNCTAD\UNESCO\UNIDO\UPU\WHO\WIPO\WMO\WTrO,30,150.852913,170.5399844,0,0.0,0
Togo,56785000,indigenous beliefs,French,republic under transition to multiparty democratic rule,Lome,8257000000,5556812,ABEDA\ACCT\ACP\AfDB\AU\ECOWAS\Entente\FAO\FZ\G-77\IBRD\ICAO\ICC\ICFTU\ICRM\IDA\IDB\IFAD\IFC\IFRCS\ILO\IMF\IMO\Interpol\IOC\ITU\MIGA\NAM\OIC\ONUB\OPCW\PCA\UN\UNCTAD\UNESCO\UNIDO\UNMIL\UNOCI\UPU\WADB\WAEMU\WCL\WCO\WFTU\WHO\WIPO\WMO\WToO\WTO,48,156.5162332,164.9589798,8750,1.63750190643681,0
Sao Tome and Principe,1001000,Christian,Portuguese,republic,Sao Tome,214000000,181565,ACCT\ACP\AfDB\AU\FAO\G-77\IBRD\ICAO\ICCt,8,138.9221884,180.0,0,0.0,0
Tunisia,163610000,Muslim,Arabic,republic,Tunis,68230000000,9974722,ABEDA\ACCT\AfDB\AFESD\AMF\AMU\AU\BSEC\UN\UNCTAD\UNESCO\UNHCR\UNIDO\UNMEE\UNOCI\UPU\WCO\WFTU\WHO\WIPO\WMO\WToO\WTO,22,149.6192313,165.5480629,47000,1.58528870403078,0
East Timor,15007000,Roman Catholic,Tetum,Republic,Dili,440000000,1019252,ACP\AsDB\FAO\G-77\IBRD\ICCt\IDA\IFAD\IFC\IFRCS\UN\UNESCO\UNIDO\UPU\WCO\WHO,15,0.0,0.0,0,0.0,0
Turkey,780580000,Muslim,Turkish,republican parliamentary democracy,Ankara,458200000000,68893918,AsDB\Australia Group\BIS\BSEC\CE\CERN\WFTU\WHO\WIPO\WMO\WToO\WTO\ZC,12,178.9632826,227.4247612,616000,2.69798371690976,183
Tuvalu,26000,Church of Tuvalu,Tuvaluan,constitutional monarchy with a parliamentary democracy; began debating republic status in 1992,Funafuti; note - administrative offices are located in Vaiaku Village on Fongafale Islet,12200000,11468,ACP\AsDB\C\FAO\IFRCS\IMO\ITU\OPCW\PIF\Sparteca\UN\UNCTAD\UNESCO\UPU\WHO,14,0.0,0.0,0,0.0,0
Taiwan,35980000,mixture of Buddhist,Mandarin Chinese,multiparty democratic regime headed by popularly-elected president and unicameral legislature,Taipei,528600000000,22749838,APEC\AsDB\BCIE\ICC\ICFTU\IOC\WCL\WTO,7,0.0,0.0,0,0.0,0
Turkmenistan,488100000,Muslim,Turkmen,"republic; authoritarian presidential rule, with little power outside the executive branch",Ashgabat,27880000000,4863169,AsDB\CIS\EAPC\EBRD\ECO\FAO\G-77\IBRD\ICAO\ICRM\IDB\IFC\IFRCS\ILO\IMF\IMO\IOC\IOM\ITU\MIGA\NAM\OIC\OPCW\OSCE\PFP\UN\UNCTAD\UNESCO\UNIDO\UPU\WCO\WFTU\WHO\WIPO\WMO\WToO,35,185.8902576,154.4293695,26000,0.0,0
Tanzania,945087000,mainland - Christian,Kiswahili or Swahili,republic,"Dar es Salaam; note - legislative offices have been transferred to Dodoma, which is planned as the new national capital; the National Assembly now meets there on regular basis",21580000000,36588225,ACP\AfDB\AU\C\EADB\FAO\G- 6\G-77\IAEA\IBRD\ICAO\ICC\ICCt\ICFTU\ICRM\IDA\IFAD\IFC\IFRCS\ILO\IMF\IMO\Interpol\IOC\IOM\ISO\ITU\MIGA\NAM\OPCW\SADC\UN\UN Security Council\UNAMSIL\UNCTAD\UNESCO\UNHCR\UNIDO\UNMEE\UPU\WCO\WFTU\WHO\WIPO\WMO\WToO\WTO,46,178.9461248,201.5946572,28000,0.994614572583098,0
Uganda,236040000,Roman Catholic,English,republic,Kampala,36100000000,26404543,ACP\AfDB\AU\C\EADB\FAO\G-77\IAEA\IBRD\ICAO\ICCt\ICFTU\ICRM\IDA\IDB\IFAD\IFC\IFRCS\IGAD\ILO\IMF\Interpol\IOC\IOM\ISO\ITU\MIGA\NAM\OIC\OPCW\PCA\UN\UNCTAD\UNESCO\UNHCR\UNIDO\UPU\WCO\WFTU\WHO\WIPO\WMO\WToO\WTO,43,112.3697917,162.240085,55000,2.36587774733498,1215
United Kingdom,244820000,Anglican and Roman Catholic,English,constitutional monarchy,London,1666000000000,60270708,AfDB\AsDB\Australia Group\BIS\C\CDB\CE\CERN\EAPC\EBRD\EIB\ESA\EU\FAO\G- 5\G- 7\G- 8\G-10\IADB\IAEA\IBRD\ICAO\ICC\ICCt\ICFTU\ICRM\IDA\IEA\IFAD\IFC\IFRCS\IHO\ILO\IMF\IMO\Interpol\IOC\IOM\ISO\ITU\MIGA\MONUC\NAM\OECD\OPCW\OSCE\Paris Club\PCA\UN\UN Security Council\UNAMSIL\UNCTAD\UNESCO\UNFICYP\UNHCR\UNIDO\UNITAR\UNMIK\UNMIL\UNMOVIC\UNOMIG\UNRWA\UPU\WCO\WEU\WHO\WIPO\WMO\WTO\ZC,69,135.5515898,122.0472451,205000,2.2452991726422,0
Ukraine,603700000,Ukrainian Orthodox - Kiev Patriarchate,Ukrainian,republic,Kiev (Kyyiv),260400000000,47732079,BSEC\CE\CEI\CIS\EAPC\EBRD\FAO\GUUAM\IAEA\IBRD\ICAO\ICC\ICCt\ZC,13,207.7730009,224.1626351,271000,2.50682433490703,0
United States,9631418000,Protestant,English,Constitution-based federal republic; strong democratic tradition,"Washington, DC",10990000000000,293027571,AfDB\ANZUS\APEC\ARF\AsDB\ASEAN\NATO\NEA\NSG\OAS\OECD\OPCW\OSCE\Paris Club\PCA\UN\UN Security Council\UNCTAD\UNESCO\UNHCR\UNITAR\UNMEE\UNMIK\UNMIL\UNMOVIC\UNOMIG\UNRWA\UNTSO\UPU\WCL\WCO\WHO\WIPO\WMO\WTO\ZC,35,121.1530215,104.2148921,1473000,3.78557099126879,0
Burkina Faso,274200000,indigenous beliefs,French,parliamentary republic,Ouagadougou,14550000000,13574820,ACCT\ACP\AfDB\AU\ECOWAS\Entente\FAO\FZ\G-77\IAEA\IBRD\ICAO\ICC\ICCt\ICFTU\ICRM\IDA\IDB\IFAD\IFC\IFRCS\ILO\IMF\Interpol\IOC\IOM\ITU\MIGA\MONUC\NAM\OIC\ONUB\OPCW\PCA\UN\UNCTAD\UNESCO\UNIDO\UNOCI\UPU\WADB\WAEMU\WCL\WCO\WFTU\WHO\WIPO\WMO\WToO\WTO,49,207.8559738,229.3239234,10250,1.35796836661608,0
Uruguay,176220000,Roman Catholic,Spanish,constitutional republic,Montevideo,43670000000,3399237,FAO\G-77\IADB\IAEA\IBRD\ICAO\ICC\ICCt\ICRM\IFAD\IFC\IFRCS\IHO\ILO\IMF\IMO\Interpol\IOC\IOM\ISO\ITU\LAES\LAIA\Mercosur\MIGA\MINURSO\MINUSTAH\MONUC\NAM\OAS\ONUB\OPANAL\OPCW\PCA\RG\UN\UNAMSIL\UNCTAD\UNESCO\UNFICYP\UNIDO\UNMEE\UNMOGIP\UNMOT\UNOCI\UNOMIG\UPU\WCL\WCO\WFTU\WHO\WIPO\WMO\WToO\WTO,54,89.84938542,127.7291149,24920,2.0407280132366,0
Uzbekistan,447400000,Muslim,Uzbek,"republic; authoritarian presidential rule, with little power outside the executive branch",Tashkent (Toshkent),43990000000,26410416,AsDB\CIS\EAPC\EBRD\ECO\FAO\GUUAM\IAEA\IBRD\ICAO\ICCt,10,125.7693734,151.9346823,75000,0.0,37
Saint Vincent and the Grenadines,389000,Anglican,English,parliamentary democracy; independent sovereign state within the Commonwealth,Kingstown,342000000,117193,ACP\C\Caricom\CDB\FAO\G-77\IBRD\ICAO\ICCt\ICFTU\ICRM\IDA\IFAD\IFRCS\ILO\IMF\IMO\Interpol\IOC\ITU\MIGA\OAS\OECS\OPANAL\OPCW\UN\UNCTAD\UNESCO\UNIDO\UPU\WCL\WFTU\WHO\WIPO\WTO,34,0.0,0.0,0,0.0,0
Venezuela,912050000,nominally Roman Catholic,Spanish,federal republic,Caracas,117900000000,25017387,CAN\CDB\FAO\G-3\G-15\G-24\G-77\IADB\IAEA\IBRD\ICAO\ICC\ICCt\ICFTU\ICRM\IFAD\IFC\IFRCS\IHO\ILO\IMF\IMO\Interpol\IOC\IOM\ISO\ITU\LAES\LAIA\Mercosur\MIGA\NAM\OAS\OPANAL\OPCW\OPEC\PCA\RG\UN\UNCTAD\UNESCO\UNHCR\UNIDO\UPU\WCL\WCO\WFTU\WHO\WIPO\WMO\WToO\WTO,51,0.0,0.0,0,0.0,0
British Virgin Islands,153000,Protestant,English,NA,Road Town,320000000,22187,Caricom\UPU,1,111.814346,118.8888889,0,0.0,0
Vietnam,329560000,Buddhist,Vietnamese,Communist state,Hanoi,203700000000,82689518,ACCT,0,204.430234,182.8695712,0,2.01437983970519,0
Virgin Islands,352000,Baptist,English,NA,Charlotte Amalie,2500000000,108775,Interpol\IOC\UPU,2,0.0,0.0,0,0.0,0
Holy See (Vatican City),044000,Roman Catholic,Italian,ecclesiastical,Vatican City,0,921,CE,0,0.0,0.0,0,0.0,0
Namibia,825418000,Christian,English,republic,Windhoek,13850000000,1954033,ACP\AfDB\AU\C\FAO\G-77\IAEA\IBRD\ICAO\ICCt\ICFTU\ICRM\IFAD\IFC\IFRCS\ILO\IMF\IMO\Interpol\IOC\IOM\ITU\MIGA\NAM\ONUB\OPCW\SACU\SADC\UN\UNCTAD\UNESCO\UNHCR\UNIDO\UNMEE\UNMIL\UNOCI\UPU\WCL\WCO\WHO\WIPO\WMO\WToO\WTO,43,154.5814486,138.3577308,15000,2.5275896811078,0
West Bank,5860000,Muslim,Arabic,,,1700000000,2311204,,0,0.0,0.0,0,0.0,0
Wallis and Futuna,274000,Roman Catholic,French,NA,Mata-Utu (on Ile Uvea),5759,15880,FZ\UPU,1,0.0,0.0,0,0.0,0
Western Sahara,266000000,Muslim,Hassaniya Arabic,"legal status of territory and issue of sovereignty unresolved; territory contested by Morocco and Polisario Front (Popular Front for the Liberation of the Saguia el Hamra and Rio de Oro), which in February 1976 formally proclaimed a government-in-exile of the Sahrawi Arab Democratic Republic (SADR),led by President Mohamed ABDELAZIZ; territory partitioned between Morocco and Mauritania in April 1976, with Morocco acquiring northern two-thirds; Mauritania, under pressure from Polisario guerrillas, abandoned all claims to its portion in August 1979; Morocco moved to occupy that sector shortly thereafter and has since asserted administrative control; the Polisario's government-in-exile was seated as an OAU member in 1984; guerrilla activities continued sporadically, until a UN-monitored cease-fire was implemented 6 September 1991",none,0,267405,none,0,0.0,0.0,0,0.0,0
Wake Island,65000,,,,,0,0,,0,0.0,0.0,0,0.0,0
Samoa,2944000,Christian,Samoan,constitutional monarchy under native chief,Apia,1000000000,177714,ACP\AsDB\C\FAO\G-77\IBRD\ICAO\ICCt\ICFTU\ICRM\IDA\IFAD\IFC\IFRCS\IMF\IMO\IOC\ITU\MIGA\OPCW\PIF\Sparteca\UN\UNCTAD\UNESCO\UPU\WCO\WHO\WIPO\WMO\WTrO,30,232.8158735,131.4415385,0,0.0,0
Swaziland,17363000,Zionist,English,monarchy; independent member of Commonwealth,Mbabane; note - Lobamba is the royal and legislative capital,5702000000,1169241,ACP\AfDB\AU\C\FAO\G-77\IBRD\ICAO\ICFTU\ICRM\IDA\IFAD\IFC\IFRCS\ILO\IMF\Interpol\IOC\ISO\ITU\MIGA\NAM\OPCW\PCA\SACU\SADC\UN\UNCTAD\UNESCO\UNIDO\UPU\WCO\WHO\WIPO\WMO\WToO\WTO,36,0.0,0.0,0,0.0,0
Indian Ocean,68556000000000,,,,,0,0,,0,0.0,0.0,0,0.0,0
Arctic Ocean,14056000000000,,,,,0,0,,0,0.0,0.0,0,0.0,0
World,510072000000000,Christians,Chinese,,,5148,6379157361,,0,142.5046932,143.0015293,27081142,2.36060741374441,0
Serbia and Montenegro,102350000,Orthodox,Serbian,republic,Belgrade,23890000000,10825900,BSEC\CE\CEI\EBRD\FAO\IAEA\IBRD\ICAO\ICC\ICCt\ICFTU\ICRM\IDA\IFAD\IFC\IFRCS\IHO\ILO\IMF\IMO\Interpol\IOC\IOM\ISO\ITU\MIGA\MONUC\NAM\OAS,28,0.0,0.0,0,0.0,0
Yemen,527970000,Muslim including Shaf'i,Arabic,republic,Sanaa,15090000000,20024867,AFESD\AMF\CAEU\FAO\G-77\IAEA\IBRD\ICAO\ICCt,8,0.0,0.0,0,0.0,0
Zambia,752614000,Christian,English,republic,Lusaka,8596000000,10462436,ACP\AfDB\AU\C\FAO\G-77\IAEA\IBRD\ICAO\ICCt\ICFTU\ICRM\IDA\IFAD\IFC\IFRCS\ILO\IMF\Interpol\IOC\IOM\ISO\ITU\MIGA\MONUC\NAM\ONUB\OPCW\PCA\SADC\UN\UNAMSIL\UNCTAD\UNESCO\UNHCR\UNIDO\UNMEE\UNMIK\UNMIL\UNOCI\UPU\WCL\WCO\WHO\WIPO\WMO\WToO\WTO,47,242.3621974,176.5681373,16000,1.58089960446516,0
Atlantic Ocean,76762000000000,,,,,0,0,,0,0.0,0.0,0,0.0,0
Zimbabwe,390580000,syncretic,English,parliamentary democracy,Harare,24030000000,12671860,ACP\AfDB\AU\FAO\G-15\G-77\IAEA\IBRD\ICAO\ICCt\ICFTU\ICRM\IDA\IFAD\IFC\IFRCS\ILO\IMF\Interpol\IOC\IOM\ISO\ITU\MIGA\NAM\OPCW\PCA\SADC\UN\UNCTAD\UNESCO\UNIDO\UNMIK\UPU\WCL\WCO\WFTU\WHO\WIPO\WMO\WToO\WTO,41,118.2917874,98.02597403,50000,3.03658609780687,0
Pacific Ocean,155557000000000,,,,,0,0,,0,0.0,0.0,0,0.0,0
